,Artist,Album,style,genres,labels
0,Alex Coulton,Bleep Sequence _ Tension,"['Bass Music', 'Techno', 'House', 'UK Garage']",['Electronic'],Mistry
1,Alex Coulton,Recall _ Wiretap,"['Dubstep', 'Experimental']",['Electronic'],Tempa
4,Anthony Naples,Fog FM,"['Techno', 'Tech House', 'House', 'Ambient', 'Deep House']",['Electronic'],ANS
5,Anthony Naples,Chameleon,"['Ambient', 'Downtempo', 'Chillwave']",['Electronic'],ANS
6,Silas & Snare,PRESSURE,['Bass Music'],"['Electronic', 'Hip Hop']",Kaizen
7,Anunaku & DJ Plead,032,"['Breakbeat', 'Tribal', 'Techno']",['Electronic'],AD 93
8,Mars89,End of the Death,"['Industrial', 'Dub']",['Electronic'],Bokeh Versions
9,Mars89,Lucid Dream EP,"['Experimental', 'Dancehall']","['Electronic', 'Reggae']",Bokeh Versions
10,Asusu,Hallucinator _ Sendak,"['Electro', 'Experimental']",['Electronic'],Livity Sound
11,Atoloi,CuraVoceScura,"['Tribal', 'Techno', 'Acid', 'Downtempo']",['Electronic'],Details Sound
12,Atoloi,Papier d'Armenie,"['Techno', 'Ambient', 'Experimental']",['Electronic'],Aura Dinamica
13,Seven Sisters,Pursuit Ep,"['Abstract', 'Ambient', 'Deep Techno', 'Noise', 'IDM']",['Electronic'],Konglomerat
14,At One,Rainfall In Dub,"['Breakbeat', 'Deep House', 'Hip Hop']",['Electronic'],Big Cat
15,Palms Trax,Equation EP,['House'],['Electronic'],Lobster Theremin
16,Batu,Marius EP,"['Techno', 'House', 'Ambient']",['Electronic'],Hessle Audio
17,Batu,"Sharpen, Moving","['Techno', 'Dubstep']",['Electronic'],Timedance
18,Batu,Batu - Numen _ Cazz,['Techno'],['Electronic'],Hotline Recordings
19,Batu,Bleeper Feed _ April These,['Techno'],['Electronic'],Dnuos Ytivil
20,Batu,Murmur,['Techno'],['Electronic'],Timedance
21,Batu & Lurka,Curved _ Bambounou Hyper Street Remix,"['Experimental', 'Techno', 'House']",['Electronic'],Fringe White
22,Reedale Rise,Eternal Return,"['Electro', 'Techno', 'Acid']",['Electronic'],Frustrated Funk
23,Big Hands,Ossario,"['Techno', 'Deep Techno', 'Leftfield']",['Electronic'],Blank Mind
24,Big Hands,Arcane Mosaics,"['Grime', 'Dub Techno', 'Breaks', 'Leftfield']",['Electronic'],Beat Machine Records
25,Big Hands,Lakamha,"['Illbient', 'Leftfield', 'Techno']",['Electronic'],Oscilla Sound
26,Borai,Borai - Anybody From London EP,"['Breakbeat', 'Jungle', 'Techno']",['Electronic'],Hotline Recordings
27,Breaka,004 - Rory's Theme _ Puffer Jackets,"['Bass Music', 'Deep House', 'Breaks']",['Electronic'],Holding Hands
28,Buttechno,Omnia Vanitas,"['Techno', 'Jungle', 'Minimal', 'Leftfield', 'Thug Rap']","['Electronic', 'Hip Hop']",Lowlife Cartel
29,Buttechno,Badtrip (TRP027),"['Techno', 'Industrial']",['Electronic'],трип
30,Cabasa,Uncle Sigmund's EP,"['Breaks', 'House', 'Ambient']",['Electronic'],Eclipse Tribez
31,Cabasa,Mail Sent EP,"['Breaks', 'Techno', 'Ambient']",['Electronic'],Eddy Larkin
32,Cassius Select,Essence,['House'],['Electronic'],Accidental Jnr
33,Cassius Select,Slang,['Dubstep'],['Electronic'],Not On Label
35,Chaos In The Cbd,Orange Blank,"['House', 'Balearic', 'Acid House']",['Electronic'],In Dust We Trust
36,Chaos In The Cbd,816 To Nunhead _ 78 To Stanley Bay,['House'],['Electronic'],Amadeus Records (2)
37,Wedding Acid Group,Easid Bits EP,"['Acid', 'IDM', 'Techno']",['Electronic'],Art-Aud
38,Hypho,Round Ere,['Bass Music'],['Electronic'],81
39,NKC,Hague Basement,"['Techno', 'Tribal House']",['Electronic'],Her Records (2)
40,V_A,SECRET RAVE 02,"['Hardcore', 'Gabber']",['Electronic'],5th Gear
41,V_A,SECRET RAVE 03,"['Hardcore', 'Gabber']",['Electronic'],5th Gear
42,V_A,SECRET RAVE 04,"['Ambient', 'Vaporwave']",['Electronic'],No Problema Tapes
43,V_A,SECRET RAVE 05,"['Musique Concrète', 'Post-Modern', 'Sound Collage', 'Experimental', 'Plunderphonics']","['Electronic', 'Jazz', 'Rock', 'Pop', 'Classical']",Seeland
44,V_A,SECRET RAVE 06,"['Hardstyle', 'Hard Trance']",['Electronic'],Polystar (3)
45,Tammo Hesselink,Easy To See,['Techno'],['Electronic'],Nous'klaer Audio
48,Conrad Pack,Receptor,"['Dub', 'Techno']",['Electronic'],SELN Recordings
49,Data Assault,ND006 - Black Earth EP,['Electro'],['Electronic'],Nice & Deadly
50,Tracy,Reconstructions Part 2,['Techno'],['Electronic'],Sonntag Morgen
51,Keepsakes,Ever So Merry LP,['Techno'],['Electronic'],Variance (2)
52,STILL,I (Remixed),"['House', 'Acid Jazz', 'Drum n Bass', 'Deep House', 'Downtempo', 'Garage House']","['Electronic', 'Funk / Soul']",Talkin' Loud
53,DJ Healer,Nothing 2 Loose,"['Ambient', 'Breakbeat', 'House']",['Electronic'],All Possible Worlds
54,DJ Healer,Planet Lonely,"['Ambient', 'Breakbeat', 'House']",['Electronic'],All Possible Worlds
56,DJ NERVOSO,DJ Nervoso,"['House', 'Techno', 'Kuduro']","['Electronic', 'Folk, World, & Country']",Príncipe
57,DJ NIGGA FOX,O Meu Estilo EP,"['House', 'African', 'Kuduro']","['Electronic', 'Folk, World, & Country']",Príncipe
61,TMSV,"Jungle, Vol. 1","['Drum n Bass', 'Jungle']",['Electronic'],Broken Records (83)
62,TMSV,"Jungle, Vol. 3","['Jungle', 'Drum n Bass']",['Electronic'],Not On Label (TMSV Self-released)
63,Donato Dozzy,Cassandra [Claque Musique],"['Deep Techno', 'Ambient', 'Drone']",['Electronic'],Claque Musique
64,downstairs J,"basement, etc.._","['Trip Hop', 'Downtempo', 'Acid House']",['Electronic'],Incienso
66,Henry Greenleaf,Fold Together EP,"['Breakbeat', 'UK Garage', 'Techno']",['Electronic'],Par Avion
67,Henry Greenleaf,Rush EP,"['Bass Music', 'Experimental']",['Electronic'],Version (2)
69,Fredo Santana,Fredo Kruger 2,"['Trap', 'Drill', 'Gangsta']",['Hip Hop'],Savage Squad Records
70,IBON,Kul 001,"['Techno', 'Trance']",['Electronic'],Kulør
71,IBON,Three Ways,['Techno'],['Electronic'],Kulør
72,Four Tet,New Energy,"['Ambient', 'House', 'Techno', 'Minimal']",['Electronic'],Text Records
73,Drew Sky,Fuk 2 Nite,"['House', 'Ghetto House']",['Electronic'],Dance Mania
74,Lurka,Full Clip _ BR Greaze,"['Bass Music', 'Dubstep', 'Dancehall', 'Halftime']",['Electronic'],Hotline Recordings
75,Lurka,Rhythm Hi-Tek,"['Grime', 'Hard Techno', 'Bass Music', 'Deconstructed Club', 'Abstract', 'Bleep', 'Dubstep', 'Dancehall', 'Bassline']",['Electronic'],Timedance
76,Lurka,Ritual Dingers _ Choke,"['Dubstep', 'Electro', 'Techno']",['Electronic'],Hotline Recordings
77,Lurka,Stush _ Wrapped Up,"['Grime', 'Techno']",['Electronic'],Hotline Recordings
78,Flowdan Frisco,Full Metal Jacket,['Grime'],['Electronic'],Tru Thoughts
79,Flowdan,Full Metal Jacket,['Grime'],['Electronic'],Tru Thoughts
80,Flowdan IRah,Full Metal Jacket,['Grime'],['Electronic'],Tru Thoughts
81,Marino Stephano,Future Trance 5,"['Trance', 'Euro House', 'Progressive Trance']",['Electronic'],Polystar (3)
82,Meo Lorenzo,Future Trance 5,"['Trance', 'Euro House', 'Progressive Trance']",['Electronic'],Polystar (3)
83,Human Resources,BAM001,"['Breakbeat', 'Bassline', 'Techno', 'Electro']",['Electronic'],Body Action Music
84,Miss Peppermint,Future Trance 5,"['Trance', 'Euro House', 'Progressive Trance']",['Electronic'],Polystar (3)
85,Terry Bones,Future Trance 5,"['Trance', 'Euro House', 'Progressive Trance']",['Electronic'],Polystar (3)
86,Senate,Gangstalker,"['Techno', 'Electro', 'Breakbeat', 'Bass Music']","['Electronic', 'Hip Hop']",Pacific Command
87,LCY,LCY,"['Pop Rock', 'Glam']",['Rock'],MF Records (4)
88,K-LONE,K-LONE - Sine Language,"['Techno', 'House', 'Grime', 'Electro', 'UK Garage', 'Broken Beat']",['Electronic'],Wisdom Teeth
89,Gaunt,Gaunt - She's No Patsy _ Spacebirds [NSM007],"['Techno', 'Leftfield', 'Experimental']",['Electronic'],Not So Much
90,EDMX,Mind Mechanixx,"['Electro', 'Techno', 'Industrial', 'Acid', 'Breakbeat']",['Electronic'],Power Vacuum
91,Mr.K,Red Handed,['Dubstep'],['Electronic'],White Peach
93,Lamont,Titanic _ Eyes Closed,"['Bass Music', 'Techno', 'Experimental']",['Electronic'],81
94,Lamont,Cut It Back EP,"['Dubstep', 'Bass Music']",['Electronic'],Version (2)
95,Lamont,Detached,"['Grime', 'Dubstep']",['Electronic'],81
97,Joe,Get Centred,['Techno'],['Electronic'],Cómeme
99,OL,OL - 'Dismeteo',"['Dub', 'Ambient', 'Leftfield', 'Techno']",['Electronic'],Motion Ward
100,Loop LF,Drifting Forwards,"['Dub Techno', 'Techno', 'Breakbeat', 'Experimental']",['Electronic'],Well Street Records
101,Loop LF,Natural XT EP,"['Minimal Techno', 'Glitch', 'Drum n Bass', 'Leftfield']",['Electronic'],Well Street Records
102,Loop LF,Stepping Back,"['Broken Beat', 'House', 'Techno']",['Electronic'],Well Street Records
103,Reflex Blue,Gotham EP,"['House', 'Progressive House', 'Bass Music']",['Electronic'],Craigie Knowes
104,Luca Lozano,Inner Peace EP,"['House', 'Breakbeat', 'Downtempo', 'Deep House', 'Bleep']",['Electronic'],Super Rhythm Trax
105,Luca Lozano,Outer Space EP,"['Breakbeat', 'Electro', 'House', 'Techno']",['Electronic'],Super Rhythm Trax
106,Luca Lozano,Summer Of Love EP,['House'],['Electronic'],Super Rhythm Trax
107,Headless Horseman,Headless Horseman 007,"['Techno', 'Industrial']",['Electronic'],Headless Horseman
108,The Analogue Cops,Heavy Hands,"['Techno', 'House']",['Electronic'],Restoration Records
109,Hi5Ghost,Hi5Ghost - No Sleep _ Peder Mannerfelt Remix,['Grime'],['Electronic'],Hotline Recordings
110,Sugar,Horsepower EP,['Techno'],['Electronic'],Kulør
111,Sugar,Kul 001,"['Techno', 'Trance']",['Electronic'],Kulør
112,Mall Grab,"How The Dogs Chill, Vol.1","['House', 'Leftfield', 'Breaks', 'Deep House']",['Electronic'],Looking For Trouble (2)
113,Matteo Coffetti,Hypnotecho'O,"['Techno', 'Downtempo', 'Tribal', 'House']",['Electronic'],Pho Bho Records
114,Notte Infinita,I Lost All My Data,"['Techno', 'Dubstep']",['Electronic'],INDEX:Records
115,Lil Durk,I’m Still a Hitta,"['Trap', 'Drill', 'Gangsta']",['Hip Hop'],Not On Label
116,nthng,Are You Here,"['Techno', 'Electro']",['Electronic'],Pacific Command
117,Filter Dread,Ice Rave,"['Experimental', 'Grime', 'Breakbeat']",['Electronic'],Sneaker Social Club
120,Overmono,Diamond Cut _ Bby,"['UK Garage', 'Breakbeat']",['Electronic'],XL Recordings
121,Paleman,Beezeldub,['House'],['Electronic'],81
122,Paleman,Like O,"['Bass Music', 'Experimental', 'UK Garage']",['Electronic'],81
123,Paleman,PLMN001,"['Techno', 'Bass Music']",['Electronic'],PLMN
124,Paleman,Searching,['Techno'],['Electronic'],Zehnin
125,Paleman,Yrs Ago _ Animus,"['Techno', 'Electro', 'House', 'Bass Music']",['Electronic'],81
126,Pangaea,Bone Sucka [HES033],"['Breakbeat', 'Techno']",['Electronic'],Hessle Audio
128,Pangaea,Inna Daze _ Won't Hurt,"['Bass Music', 'Dubstep']",['Electronic'],Hessle Audio
129,Legowelt,Immensity Of Cosmic Space,"['Techno', 'Acid House', 'Breakbeat']",['Electronic'],Unknown To The Unknown
130,Menzi,Impazamo,"['Experimental', 'Bass Music', 'Gqom']",['Electronic'],Hakuna Kulala
131,OH91,Skanks EP,"['Grime', 'UK Garage']",['Electronic'],White Peach
132,PEDRO,Damaia 2.0,"['Bass Music', 'House']",['Electronic'],Enchufada
134,PEDRO,DL,"['Ballad', 'Disco']","['Latin', 'Pop']",CBS
136,Robert Fleck,Injury Time,"['Abstract', 'Experimental', 'Speed Garage', 'Dubstep']",['Electronic'],Well Street Records
137,Robert Fleck,Soft Focus EP,"['Broken Beat', 'Techno', 'Dub']",['Electronic'],Well Street Records
138,Pearson Sound,Inside Out,"['Breakbeat', 'Techno', 'House']",['Electronic'],Hessle Audio
139,Pearson Sound,Rubble,['Techno'],['Electronic'],Pearson Sound
140,Pearson Sound,Thaw Cycle,['House'],['Electronic'],Pearson Sound
141,Randomer,HEK021 - Randomer - Bring _ Curtains,['Techno'],['Electronic'],Hemlock Recordings
142,Ploy,Intrigued By The Drum,"['Tribal', 'Techno']",['Electronic'],Timedance
143,Ploy,Iron Lungs,"['Techno', 'Tribal', 'Bassline']",['Electronic'],Timedance
145,Ploy,Ramos _ Roy's Rolls,"['Leftfield', 'Tribal', 'Techno']",['Electronic'],Timedance
146,Reflec,BHM,"['Techno', 'Breakbeat']",['Electronic'],Pacific Command
147,Radial,Inverso Mundi EP,['Techno'],['Electronic'],Mord
149,Various Artists,Pho Beat Bazar Vol. 1,"['Downtempo', 'Tribal']",['Electronic'],Pho Bho Records
150,Various Artists,XXIII __ VOLUME 4,"['Hard House', 'Hard Trance', 'House']",['Electronic'],Tidy
152,Ishan Sound & RIder Shafique,Ishan Sound Vs Rider Shafique,"['Dub', 'Dubstep']","['Electronic', 'Reggae']",Hotline Recordings
153,Low Jack,Jingles du Lieu-dit,"['Dancehall', 'Industrial', 'Breakbeat']","['Electronic', 'Reggae']",Les Disques De La Bretagne
154,Low Jack,Les Riddims du Lieu-dit,"['Dancehall', 'Industrial', 'Breakbeat']","['Electronic', 'Reggae']",Les Disques De La Bretagne
155,Low Jack,Virgin Traf 22 _ Grass 29,['Dancehall'],"['Electronic', 'Reggae']",Not On Label (Low Jack Self-released)
158,Stones Taro,Digital Vintage EP,"['Breakbeat', 'Breaks', 'UK Garage', 'House']",['Electronic'],Scuffed Recordings
159,Tessela,Blue 01,"['Techno', 'Electro', 'Broken Beat']",['Electronic'],Whities
160,Tessela,Hackney Parrot _ Helter Skelter,"['Bass Music', 'Jungle']",['Electronic'],Poly Kicks
161,Kahn & Neek,Kahn & Neek - Backchat _ Dubchat,"['Grime', 'Ghetto', 'Dancehall']","['Electronic', 'Reggae']",Hotline Recordings
162,Cousin,Ruff Draft,"['Grime', 'Garage House']",['Electronic'],81
163,YOKEL,Smell of Deer,['Abstract'],['Electronic'],Avon Terror Corps
164,Kromestar,Kalawanji _ Surgery,['Dubstep'],['Electronic'],Deep Medi Musik
165,Thomas P Heckmann,Acid Seduction,"['Acid', 'Techno']",['Electronic'],Afu Limited
166,Tolouse Low Trax,Decades Vol. 2,"['Experimental', 'Electro', 'Minimal', 'Techno', 'Industrial']",['Electronic'],Antinote
168,Samba,Kings,['Dubstep'],['Electronic'],"Deep, Dark And Dangerous"
169,Samba,Winona [Ep],['Dubstep'],['Electronic'],Deep Medi Musik
171,Szare,Kodiak _ Translocated,['Techno'],['Electronic'],Different Circles
172,Schacke,Kul 001,"['Techno', 'Trance']",['Electronic'],Kulør
173,Repro,Kul 001,"['Techno', 'Trance']",['Electronic'],Kulør
174,Funeral Future,Kul 001,"['Techno', 'Trance']",['Electronic'],Kulør
175,J_Kenzo,Ruffhouse VIP,['Dubstep'],['Electronic'],Not On Label
176,J_Kenzo,Shark Eye _ Asutoraru,['Dubstep'],['Electronic'],Artikal Music UK
177,EGOLESS,Solidarity in Dub,['Dub'],"['Electronic', 'Reggae']",Not On Label (Egoless Self-released)
178,Logic1000,LOGIC1000,"['Dubstep', 'House']",['Electronic'],Because Music
179,H.R_,SPORTS 3,"['Experimental', 'Modern', 'Musique Concrète', 'Field Recording']","['Electronic', 'Non-Music', 'Classical']",Not On Label
181,DJ Metatron,Loops of Infinity (A Rave Loveletter),"['Ambient', 'Breakbeat', 'Breaks', 'Techno', 'Neo Trance', 'Trance']",['Electronic'],All Possible Worlds
182,Sikka Rymes,Love Di People EP,"['Dancehall', 'Experimental', 'Bassline']","['Electronic', 'Reggae']",Bokeh Versions
185,Fabio Fabio,Masochistas EP (IVR011),['Electro'],['Electronic'],Ivreatronic
186,James Shinra,Meteor EP,"['Acid', 'Electro', 'IDM']",['Electronic'],Analogical Force
187,Kinlaw & Franco Franco,Mezzi Umani Mezze Macchine,"['Trap', 'Industrial', 'Post-Punk']","['Electronic', 'Hip Hop']",Avon Terror Corps
188,Pearson Sound X Clara!,Mi Cuerpo,"['Reggaeton', 'House', 'Dubstep']","['Electronic', 'Latin']",Pearson Sound
189,YOUTH,Blazer Sound System - YO6TH,"['Dub', 'Breakbeat']",['Electronic'],Youth
190,YOUTH,Nuclear Winter _ Heavy Rain - Y15TH,['Dubstep'],['Electronic'],Youth
191,a rocket in dub,normal dub,"['Dub', 'Dub Techno', 'IDM']",['Electronic'],Krachladen Dub
192,Yak,Mido _ Darunia,"['Techno', 'Tribal']",['Electronic'],Version (2)
193,Yak,Umbra _ Kaepora,['Dubstep'],['Electronic'],Version (2)
194,Jerico,Run That,"['Europop', 'Soul', 'Ballad']","['Electronic', 'Funk / Soul', 'Pop']",EMI
196,Klaus,Sabz _ Qua,"['Downtempo', 'Dub', 'Ambient']",['Electronic'],Tanum
197,"Sam Binga, Marcus Visionary",Sam Binga & Marcus Visionary - Doubles EP,['UK Funky'],['Electronic'],Hotline Recordings
198,Space Drum Meditation,SDM001,"['Deep House', 'Techno', 'Breakbeat', 'Leftfield']",['Electronic'],Space Drum Meditation
199,Space Drum Meditation,SDM002,"['Techno', 'Experimental', 'Electro']",['Electronic'],Space Drum Meditation
200,Space Drum Meditation,SDM003,"['Tribal', 'Experimental', 'Techno']",['Electronic'],Space Drum Meditation
201,Space Drum Meditation,SDM005,"['Techno', 'Tribal', 'Experimental']",['Electronic'],Space Drum Meditation
202,Space Drum Meditation,Space Drum Meditation - SDM004,"['Tribal', 'Techno']",['Electronic'],Space Drum Meditation
203,Randomer & Hodge,Second Freeze _ Simple As,"['Techno', 'Tribal']",['Electronic'],Dnuos Ytivil
205,The Prince Stoner,MYSTB003 __ THE PRINCE STONER,"['Dub', 'Abstract']","['Electronic', 'Reggae']",Mystery Booms
206,The Prince Stoner,Stoner's Dub,"['Dub', 'Experimental']","['Electronic', 'Reggae']",Groovedge Records
207,Bengal Sound,Never Mind _ Short Stay,"['Dubstep', 'Grime']",['Electronic'],Bandulu Records
208,Secret Rave,SECRET RAVE 01,"['Techno', 'Breaks', 'Hardcore']",['Electronic'],Art-Aud
209,John T. Gast,5GTOUR,"['Dub', 'Techno', 'Experimental', 'Grime']",['Electronic'],5 Gate Temple
210,John T. Gast,KINGS X _ EXTENDED MIX,"['Dub', 'Techno']","['Electronic', 'Reggae']",5 Gate Temple
211,Marco Shuttle,Cobalt Desert Oasis,"['Ambient', 'Techno', 'Experimental']",['Electronic'],Incienso
212,Marco Shuttle,Ritmo Elegante,"['Ambient', 'Techno']",['Electronic'],Spazio Disponibile
213,Laksa,Sen On One,"['Techno', 'Dubstep', 'Dancehall']",['Electronic'],Timedance
214,Toma Kami,Sharp Tool in the Shed _ Land of the Insane,"['Deep House', 'Leftfield', 'Techno', 'Ambient']",['Electronic'],Livity Sound
215,Notte Brigante,NB01t - HLM38 _ UVB76 _ The Idealist _ Lo Kindre,"['Industrial', 'Dub', 'Experimental']",['Electronic'],Notte Brigante
217,Silent Servant,Negative Fascination,"['Techno', 'Industrial', 'Ambient']",['Electronic'],Hospital Productions
218,Objekt,Objekt #4,"['House', 'Breaks', 'Techno']",['Electronic'],Objekt
219,Objekt,Objekt #5,['Techno'],['Electronic'],Objekt
220,Joy Orbison,Off Season _ Fuerza [HINF8679],"['Techno', 'Breaks']",['Electronic'],Hinge Finger
221,DJ Heartstring,Sensual Hits Volume 1,['Techno'],['Electronic'],Not On Label
223,DJ Heartstring,Sensual Hits Volume 3,['Techno'],['Electronic'],Not On Label
224,DJ Heartstring,Teenage Dreams,"['Trance', 'Hard Trance']",['Electronic'],Teenage Dreams
225,VA,Thick As Thieves,"['Techno', 'Experimental']",['Electronic'],TXTRL
226,Kuzma Palkin,Omnia Vanitas,"['Techno', 'Jungle', 'Minimal', 'Leftfield', 'Thug Rap']","['Electronic', 'Hip Hop']",Lowlife Cartel
227,Solotape,Omnia Vanitas,"['Techno', 'Jungle', 'Minimal', 'Leftfield', 'Thug Rap']","['Electronic', 'Hip Hop']",Lowlife Cartel
230,Slacker,Damage To Be Undone,"['Techno', 'Ambient', 'Jungle']",['Electronic'],Soft Raw
231,2Beast & Ko$te,Omnia Vanitas,"['Techno', 'Jungle', 'Minimal', 'Leftfield', 'Thug Rap']","['Electronic', 'Hip Hop']",Lowlife Cartel
232,Pawel's Bar,Pawel's Bar - Cantina,"['Dub', 'Downtempo', 'Leftfield', 'Future Jazz']",['Electronic'],OK SPIRIT
233,PML BEATZ,Pedra de 800 Kg,['Kuduro'],"['Electronic', 'Folk, World, & Country']",Príncipe
234,Yung Beef,Perreo de la Muerte 2,"['Trap', 'Reggaeton']","['Hip Hop', 'Latin']",La Vendicion
235,Commodo feat. JME,Shift,"['Grime', 'Dubstep']",['Electronic'],Deep Medi Musik
236,Ats,Slack,['Electro'],['Electronic'],Streetwise
237,Dogpatrol,SNKRX04,"['UK Garage', 'Bass Music']","['Electronic', 'Hip Hop']",Sneaker Social Club
238,wzrdryAV,Midnight Visions,"['Ambient', 'Dub Techno', 'Downtempo', 'Field Recording']",['Electronic'],Accidental Meetings
241,Branko + PEDRO,MPTS,['Bass Music'],['Electronic'],Enchufada
242,Debmaster,Crocodiles Homieees,"['Juke', 'Bass Music', 'Hip Hop', 'Instrumental']","['Electronic', 'Hip Hop']",Hakuna Kulala
243,Hypho & Rakay,Round Ere,['Bass Music'],['Electronic'],81
244,Franco Franco,Solo Fiori,[],['Hip Hop'],do you have peace?
245,Audrey,Spanka Clawz EP,"['Acid', 'Electro', 'Breaks', 'Techno']",['Electronic'],Scuffed Recordings
246,Nah Eeto & Sumgii,Wanawake,"['Hip Hop', 'Bass Music']","['Electronic', 'Hip Hop']",Swamp 81
247,Piezo,Piezo,['Bass Music'],['Electronic'],81
248,Piezo,ANSIA004,"['Techno', 'Broken Beat']",['Electronic'],Ansia
249,Pugilist,Blue 06,"['Breaks', 'Bass Music']",['Electronic'],Whities
250,Pugilist,Negative Space,"['Breaks', 'Dubstep', 'Techno']",['Electronic'],Of Paradise
251,Pugilist,Pugilist - Cha _ Syncopate,['Dubstep'],['Electronic'],Modern Hypnosis
254,Warehouse Rave,Soul Mass Transit System - Don't Hold Back EP,"['UK Garage', 'Speed Garage', 'Bassline']",['Electronic'],Warehouse Rave
255,Andy Mac & Ossia,Soup Riddim _ Cado _ Linguine,"['Dub', 'Dancehall', 'House']","['Electronic', 'Reggae']",No Corner
256,JoeFarr,Spectate EP,['Techno'],['Electronic'],Leisure System
257,Sockethead,SPORTS 3,"['Experimental', 'Abstract', 'Breaks', 'Leftfield', 'Grime', 'Illbient', 'Ambient']",['Electronic'],Youth
258,Anunaku,Stargate EP,"['Breakbeat', 'Techno']",['Electronic'],3024
260,Bicycle Ride,STAY FAST VOL. 1,"['Ragtime', 'Dixieland', 'Swing', 'Big Band', 'Bop', 'Boogie Woogie', 'Dark Jazz', 'Delta Blues', 'Chicago Blues', 'Electric Blues', 'Memphis Blues', 'Rhythm & Blues']","['Jazz', 'Blues']",Membran
261,SKREAM,Unreleased Classics Vol.1 2003 - 2003_,['Dubstep'],['Electronic'],Not On Label (Skream Self-released)
262,King Doudou,SURRENDER,['Dancehall'],"['Electronic', 'Reggae']",Not On Label
275,Glances,Stay There EP,"['Techno', 'Leftfield']",['Electronic'],Scuffed Recordings
276,XXIII,XXIII __ 150,['Baroque'],['Classical'],Phonotechnik Boesel + Oswald
278,XXIII,XXIII __ VOLUME 3,"['Breakbeat', 'Hardcore', 'Techno']",['Electronic'],R & R Record Review
279,XXIII,XXIII __ VOLUME 5,['Renaissance'],['Classical'],Brilliant Classics
280,XXIII,XXIII __ VOLUME 6,['Experimental'],['Electronic'],Kirigirisu Recordings
281,XXIII,XXIII __ VOLUME 7,"['Field Recording', 'Noise']","['Electronic', 'Non-Music']",(11.5)2 Anti-Music
282,XXIII,XXIII __ VOLUME 8,"['Noise', 'Field Recording', 'Lo-Fi', 'Free Improvisation', 'Dark Ambient', 'Abstract', 'Experimental']","['Electronic', 'Jazz', 'Rock', 'Non-Music']",Autonomous Individuals Network
283,Blade,Evil Forces EP,['Drum n Bass'],['Electronic'],Vibez '93
284,Coco Bryce,Coco & The Cat Return (CITB007),['Jungle'],['Electronic'],Cat In The Bag
286,Forest Drive West,Jungle Crack EP,"['Drum n Bass', 'Jungle']",['Electronic'],Rupture London
287,Forest Drive West,Persistence Of Memory,"['Techno', 'Drum n Bass']",['Electronic'],Hidden Hawaii
288,Forest Drive West,Set Free,"['Drum n Bass', 'Jungle']",['Electronic'],Rupture London
289,Forest Drive West,Dualism EP,"['Dub Techno', 'Techno']",['Electronic'],Livity Sound
290,Forest Drive West,Blue 05,"['Experimental', 'Techno']",['Electronic'],Whities
291,Forest Drive West,Static _ Escape,['Techno'],['Electronic'],Livity Sound
292,Forest Drive West,Apparitions,"['Deep Techno', 'Ambient']",['Electronic'],Livity Sound
293,Forest Drive West,System _ Show Them,['Techno'],['Electronic'],Dnuos Ytivil
294,Forest Drive West,Terminus - EP,"['Techno', 'Drum n Bass']",['Electronic'],R & S Records
296,Weird Weather,Succulents EP,"['Industrial', 'Dub', 'Experimental', 'Leftfield']",['Electronic'],LASH00
298,Locked Club,Svoboda EP,"['Electro', 'Techno']",['Electronic'],PRIVATE PERSONS
299,ZULI,Bionic Ahmed (UIQ0002),"['Abstract', 'Grime', 'Techno', 'Jungle', 'UK Garage']",['Electronic'],UIQ
300,Al Wootton,Every Knee Shall Bow _ Every Tongue Confess,"['Dub', 'Dub Techno']","['Electronic', 'Reggae']",ZamZam Sounds
301,Babe Roots,Babe Roots LP,"['Dub', 'Dub Techno']","['Electronic', 'Reggae']",Linear Movement
302,Babe Roots,MUSIC MISSION EP,"['Latin', 'Hi NRG', 'Italo-Disco', 'Pop Rap', 'Disco', 'Techno', 'Euro House', 'House', 'Electro', 'Synth-pop', 'Funk']","['Electronic', 'Hip Hop', 'Funk / Soul']",Blanco Y Negro (2)
304,Beneath,Numbers Talk EP,"['Dub', 'Dub Techno']",['Electronic'],Livity Sound
305,Beneath,Beneath - Seeus _ Ovaride,"['Tribal', 'Techno']",['Electronic'],Hotline Recordings
306,Gombeen & Doygen,D'Americana _ Auto-Lies,"['Dub Techno', 'Abstract']",['Electronic'],Wah Wah Wino
307,Front De Cadeaux,Supreme Rallentato Volume 1,"['House', 'Tech House', 'Dub']",['Electronic'],Not On Label (Front De Cadeaux Self-released)
308,Front De Cadeaux,Supreme Rallentato Volume 2,"['House', 'Tech House', 'Dub']",['Electronic'],Not On Label (Front De Cadeaux Self-released)
309,Front De Cadeaux,SUPREME RALLENTATO VOLUME 4,"['House', 'Tech House', 'Dub']",['Electronic'],Not On Label (Front De Cadeaux Self-released)
311,Shifted,Telic,['Techno'],['Electronic'],Our Circula Sound
312,Agrippa,Mygraine Urgraine _ Harbour Run,"['Grime', 'Leftfield', 'Techno']",['Electronic'],Version (2)
313,Argo,Nooo,['Dubstep'],['Electronic'],Artikal Music UK
314,Commodo,Commodo - F_ck Mountain _ Good Grief,['Dubstep'],['Electronic'],Hotline Recordings
315,Commodo,Shift,"['Grime', 'Dubstep']",['Electronic'],Deep Medi Musik
316,Compa,Take Control,"['Dubstep', 'Grime']",['Electronic'],Artikal Music UK
317,Yandrel,TEMPO,"['Favela Funk', 'Hyperpop']","['Electronic', 'Hip Hop']",Not On Label (Yandrel Self-released)
318,"Yandrel, A-PAR",TEMPO,"['Favela Funk', 'Hyperpop']","['Electronic', 'Hip Hop']",Not On Label (Yandrel Self-released)
319,EVA808,WPR021 - Oyuki EP,"['Dubstep', 'Grime']",['Electronic'],White Peach
320,"Yandrel, KARAN!",TEMPO,"['Favela Funk', 'Hyperpop']","['Electronic', 'Hip Hop']",Not On Label (Yandrel Self-released)
321,"Yandrel, rensgo",TEMPO,"['Favela Funk', 'Hyperpop']","['Electronic', 'Hip Hop']",Not On Label (Yandrel Self-released)
322,PAWSA,TOO COOL TO BE CARELESS,['House'],['Electronic'],PAWZ
324,Hebbe,Down Town Dub _ Tumble,['Dubstep'],['Electronic'],System Music (2)
325,"Yandrel, TToten",TEMPO,"['Favela Funk', 'Hyperpop']","['Electronic', 'Hip Hop']",Not On Label (Yandrel Self-released)
326,"Yandrel, Adame DJ",TEMPO,"['Favela Funk', 'Hyperpop']","['Electronic', 'Hip Hop']",Not On Label (Yandrel Self-released)
327,JOSI DEVIL,_JD'S WOURLD_ 002,['Dubstep'],['Electronic'],Homemade Soundsystem
328,Kahn,Dread_ Dubkasm Versions,"['Dub', 'Dubstep']",['Electronic'],Deep Medi Musik
329,Kahn,Illy _ Tehran,['Dubstep'],['Electronic'],Punch Drunk
330,Kahn,SYSTM035 - KAHN,['Dubstep'],['Electronic'],System Music (2)
331,Kahn,Dread,['Dubstep'],['Electronic'],Deep Medi Musik
333,Loefah,Disco Rekah _ All of a Sudden,['Dubstep'],['Electronic'],Deep Medi Musik
335,Coki,Disco Rekah _ All of a Sudden,['Dubstep'],['Electronic'],Deep Medi Musik
336,Mala,Changes _ Forgive,['Dubstep'],['Electronic'],Deep Medi Musik
337,Mala,Miracles _ New Life (Baby Paris),"['Dubstep', 'Dub']",['Electronic'],Deep Medi Musik
338,"Yandrel, Renzyx",TEMPO,"['Favela Funk', 'Hyperpop']","['Electronic', 'Hip Hop']",Not On Label (Yandrel Self-released)
339,"Yandrel, ELK_Music",TEMPO,"['Favela Funk', 'Hyperpop']","['Electronic', 'Hip Hop']",Not On Label (Yandrel Self-released)
340,"Yandrel, Haiik",TEMPO,"['Favela Funk', 'Hyperpop']","['Electronic', 'Hip Hop']",Not On Label (Yandrel Self-released)
342,Quartz,Alchemy Burn,['Dubstep'],['Electronic'],System Music (2)
343,Drax,The 3rd Decade,"['Techno', 'Acid']",['Electronic'],Perc Trax Limited
344,RSD,Punch Drunk 008,['Dubstep'],['Electronic'],Punch Drunk
346,Đ.K_,The Ancient Kingdom,"['Free Jazz', 'Avantgarde', 'Experimental']","['Electronic', 'Jazz', 'Rock']",Atavistic
347,slowthai,Runt,['Grime'],['Hip Hop'],Method Records (4)
348,Somah,Dark Arts,['Dubstep'],['Electronic'],Deep Medi Musik
351,Various,The Architects _ Volume One,['Dubstep'],['Electronic'],Artikal Music UK
353,Walton,Abyss EP,"['Grime', 'Techno', 'Dubstep']",['Electronic'],Tectonic
354,Walton,Taiko,"['Techno', 'Grime', 'UK Garage']",['Electronic'],Kaizen
355,Rakim,The Master,['Conscious'],['Hip Hop'],Universal Records
356,Autumns,Dyslexia Sound System,"['Dub', 'Post-Punk', 'Coldwave', 'Techno', 'Experimental']","['Electronic', 'Rock']",Touch Sensitive Records
357,Lost Trax,The Saturnian System,"['Electro', 'Acid', 'Techno']",['Electronic'],Delsin
359,DJ Seinfeld,Time Spent Away From U,['House'],['Electronic'],Lobster Fury
360,Sprawl + D'Arcangelo Remix,Time Tunnel,"['Electro', 'IDM', 'Techno', 'Breaks']",['Electronic'],Art-Aud
361,PinkPantheress,to hell with it,"['Drum n Bass', 'Dance-pop', 'UK Garage']","['Electronic', 'Pop']",Parlophone
362,Elgato,Tonight _ Blue,"['House', 'Minimal', 'Breakbeat']",['Electronic'],Hessle Audio
363,Holiday Inn Tropicantesimo,TORBIDO,"['New Wave', 'Noise', 'Lento Violento']",['Electronic'],Pescheria
364,Little Artist,CANCEL COPENHAGEN,"['Dub', 'Future Jazz']",['Electronic'],5 Gate Temple
365,Cop Envy,Total End,['Techno'],['Electronic'],Black Opal
367,Qant,Waiting Game EP,"['Drum n Bass', 'Jungle']",['Electronic'],Vibez '93
371,Dawl,Ultimate Damage,"['Breaks', 'Electro', 'Bleep']",['Electronic'],Fear Of Dog
372,Peverelist,Undulate _ Grit,['Techno'],['Electronic'],Livity Sound
373,Kowton,Utility,['Techno'],['Electronic'],Livity Sound
376,FLmm,Verluste EP,"['Industrial', 'Techno']",['Electronic'],Toxic Waste Buried
377,Caucenus,REZAS,['Experimental'],['Electronic'],XXIII
378,Unknown Artist,W.L.W.A.S.I.O.H. (K Lost Acid Dub),"['Acid', 'Acid House', 'Electro']",['Electronic'],Art-Aud
379,Clara! y Maoupa,Luna Nueva,"['Experimental', 'Reggaeton']","['Electronic', 'Latin']",Les Disques De La Bretagne
380,Sputnik One,Warm Body EP,['Techno'],['Electronic'],Well Street Records
381,Otik,Wetlands,['Techno'],['Electronic'],INTERGRADED
382,dentis,The Pintupi Nine EP,"['Industrial', 'Techno']",['Electronic'],Toxic Waste Buried
383,Identified Patient,Weeshuis Der Verloren Zielen EP,"['Techno', 'Acid']",['Electronic'],Pinkman
385,Facta,Dumb Hummer_All The Time [Livity Sound],"['Techno', 'Leftfield']",['Electronic'],Livity Sound
386,Neinzer,Whities 025,"['Techno', 'Abstract', 'Breakbeat', 'Ambient']",['Electronic'],Whities
387,Ago,Why Won't You,['Dubstep'],['Electronic'],Innamind Recordings
388,Mikael,Wildfire _ Lintumies,['Dubstep'],['Electronic'],Innamind Recordings
389,Ninja Exotic Machine,Wokatikitanku Ep,"['Tribal', 'Downtempo', 'Tribal House', 'Broken Beat']",['Electronic'],Pho Bho Records
391,Junior Loves,Yantlet _ Grain,['Dub'],"['Electronic', 'Reggae']",5 Gate Temple
392,Tzusing,東方不敗,"['Techno', 'EBM']",['Electronic'],L.I.E.S. Records
393,KELMAN DURAN,1804 KIDS,"['Experimental', 'Reggaeton']","['Electronic', 'Latin']",Hundebiss
394,John Beltran,Panacea,['Techno'],['Electronic'],Detroit Dancer
395,The Vision,Spectral Nomad,"['Techno', 'Minimal']",['Electronic'],Metroplex
396,Adlas,Headland,"['Dub Techno', 'Techno']",['Electronic'],Answer Code Request
397,Cybotron,Clear,['Electro'],"['Electronic', 'Hip Hop']",Fantasy
398,Significant Other,Postdrome EP,"['Broken Beat', 'Techno']",['Electronic'],Well Street Records
399,Significant Other,Oblivion,"['Techno', 'Experimental', 'Ambient']",['Electronic'],anno (2)
400,Louis The 4th,Half Sided Series 1,['Techno'],['Electronic'],Prima Materia
401,Fresko,Half Sided Series 1,['Techno'],['Electronic'],Prima Materia
402,The Hacker,Lost & Found EP,"['Electro', 'Techno']",['Electronic'],KLAKSON
403,The Hacker & Jensen Interceptor,Trigger Zone EP,['Electro'],['Electronic'],International Chrome
404,Jensen Interceptor,Tresor 30,"['Techno', 'Electro', 'House', 'Downtempo', 'Ambient']",['Electronic'],Tresor
405,Robert Armani,Classic,"['Techno', 'Ghetto']",['Electronic'],Dance Mania
406,Digital Domain,I Need Relief,"['Breakbeat', 'Hardcore', 'Techno']",['Electronic'],Rabbit City Records
407,2 Bad Mice,2 Bad Mice - Gone Too Soon EP,"['Breakbeat', 'Hardcore']",['Electronic'],Sneaker Social Club
408,Jensen Interceptor & Assembler Code,Kinematics,['Electro'],['Electronic'],Central Processing Unit
409,Jensen Interceptor & Assembler Code,Hyper Reality,['Electro'],['Electronic'],Cultivated Electronics
410,Jensen Interceptor & Assembler Code,6th Element,['Techno'],['Electronic'],Boysnoize Records
412,LEON VYNEHALL,Rosebud _ Black Dove,['House'],['Electronic'],Studio Ooze
413,Jam & Spoon,Tripomatic Fairytales 2001,"['Trance', 'Techno', 'Progressive Trance', 'Deep House']",['Electronic'],Black Hole Recordings
414,Borai & Denham Audio,Make Me _ No Good,"['Breakbeat', 'Hardcore']",['Electronic'],Higher Level Records
416,Mount Kimbie,Cold Spring Fault Less Youth,"['Leftfield', 'House', 'Breakbeat']",['Electronic'],Warp Records
417,Omar-S,The Best!,"['House', 'Deep House', 'Downtempo']",['Electronic'],FXHE Records
419,Two Shell,Access,['Techno'],['Electronic'],Livity Sound
420,Angel Rocket,AM003,['Techno'],['Electronic'],Accidental Meetings
421,Ansome,Penny & Pound EP,['Techno'],['Electronic'],Mord
422,Bambounou,033,['Techno'],['Electronic'],AD 93
423,Clouds,EDLX.046 Timeslip Roadmender EP,['Techno'],['Electronic'],Electric Deluxe
425,Hodge,HEK025,['Techno'],['Electronic'],Hemlock Recordings
426,Hodge,Hodge - Mind Games _ Flashback,['Techno'],['Electronic'],Hotline Recordings
427,Hodge,No Single Thing,"['Techno', 'Tribal']",['Electronic'],Livity Sound
429,Bruce,Sonder Somatic,['Techno'],['Electronic'],Hessle Audio
431,Manse,Cymbal Shudder,['Techno'],['Electronic'],MNS
432,Parris,Burr _ Blue,['Techno'],['Electronic'],Idle Hands
433,Parris,2 Vultures EP,"['Dub', 'Techno']",['Electronic'],The Trilogy Tapes
434,Parris,Polychrome Swim,"['Breakbeat', 'Dub Techno', 'Techno']",['Electronic'],The Trilogy Tapes
437,Bass,13 17,['Heavy Metal'],['Rock'],Vertigo
439,LSDXOXO,BODY MODS,"['Baltimore Club', 'Breaks', 'Ghetto House', 'Techno']",['Electronic'],Not On Label (LSDXOXO Self-released)
443,Petit Singe,Akash Ganga,"['Experimental', 'Tribal', 'Ambient']",['Electronic'],Haunter Records
445,La Zowi,Ama de Casa,['Trap'],['Hip Hop'],La Vendicion
446,Boofy,Climb Out Of Your Hiding Place # Your Sheds Too,['Dubstep'],['Electronic'],System Music (2)
447,Eomac,Bedouin Trax II,"['Experimental', 'Deconstructed Club', 'Techno']",['Electronic'],Not On Label (Eomac Self-released)
448,Svreca & Voices From The Lake,Between The Lines,['Techno'],['Electronic'],Spazio Disponibile
449,Giggs,Big Bad,[],['Hip Hop'],SN1 Records
451,Soundbwoy Killah,Come My Selector,"['Breakbeat', 'Garage House']",['Electronic'],Sneaker Social Club
452,Soundbwoy Killah,Halcyon Daze,"['Breakbeat', 'Ambient', 'Hardcore', 'Techno', 'House', 'UK Garage']",['Electronic'],Sneaker Social Club
454,Elijah Minnelli,Creamed Horn,"['Cumbia', 'Dub', 'Reggae', 'Folk']","['Electronic', 'Reggae', 'Latin', 'Folk, World, & Country']",Accidental Meetings
455,Anatolian Weapons,Anatolian Weapons _ LINJA - Split EP,"['Experimental', 'Downtempo', 'Tribal']",['Electronic'],Serenades
464,67,Lets Lurk,"['Grime', 'Trap', 'Drill']",['Hip Hop'],6ix 7even
466,LINJA,Anatolian Weapons _ LINJA - Split EP,"['Experimental', 'Downtempo', 'Tribal']",['Electronic'],Serenades
467,LINJA,Split,"['Experimental', 'Downtempo', 'Tribal']",['Electronic'],Serenades
468,Another Channel,Behind The Glow,"['Dub', 'Dub Techno']",['Electronic'],Moonshine Recordings
469,ASAP Mob,Cozy Tapes Vol. 1 - Friends,"['Hip Hop', 'Trap']",['Hip Hop'],Nasty World Records
470,Biome,Griddled,"['Dubstep', 'Grime', 'Techno']",['Electronic'],Kaizen
471,Boddika,Acid Jackson,"['Acid', 'Electro']",['Electronic'],Swamp 81
472,UnknownArtist,UnknownAlbum,['Harsh Noise Wall'],['Electronic'],Flea Market
474,Caski,Caski - Structures EP (4SEA002),"['UK Garage', 'Techno']",['Electronic'],4 Seasons Music
477,Dizzee Rascal,Pagans EP,['Grime'],"['Electronic', 'Hip Hop']",Dirtee Stank Recordings
485,Massacooramaan,Dead Long Time,['Ghetto'],['Electronic'],Fade To Mind
488,Mina,DL,"['Chanson', 'Ballad']",['Pop'],PDU
489,Veracocha,"Dream Dance, Vol. 88","['Trance', 'Progressive Trance', 'House', 'Hard Trance']",['Electronic'],Sony Music
