,Artist,Title,Album,Path,OK/KO,Style,Genres,Labels
39,DJ Heartstring,I Wish U Could Stay,Sensual Hits Volume 2,/Volumes/TOSHIBA/Rekordbox_database_selected/Dj Heartstring - I Wish U Could Stay.mp3,OK,error,error,error
58,Al Wootton,Every Tongue Confess,Every Knee Shall Bow / Every Tongue Confess,/Volumes/TOSHIBA/Rekordbox_database_selected/Al Wootton - Every Tongue Confess.mp3,OK,error,error,error
101,At One,Versa - Rainfall In Dub,Rainfall In Dub,/Volumes/TOSHIBA/Rekordbox_database_selected/At One - Rainfall In Dub - 01 Versa - Rainfall In Dub.mp3,OK,error,error,error
103,At One,Versa - Road To Righteousness,Rainfall In Dub,/Volumes/TOSHIBA/Rekordbox_database_selected/At One - Rainfall In Dub - 02 Versa - Road To Righteousness.mp3,OK,error,error,error
114,Batu,SYX,"Sharpen, Moving",/Volumes/TOSHIBA/Rekordbox_database_selected/Batu - SYX.mp3,OK,error,error,error
152,Babe Roots feat Kojo Neatness,Rawness,Be Still / Rawness,/Volumes/TOSHIBA/Rekordbox_database_selected/Babe Roots feat Kojo Neatness - Be Still - Rawness - 02 Rawness.mp3,OK,error,error,error
154,BABE ROOTS,Babe Roots Feat. Danny Coxson - World Struggle,MUSIC MISSION EP,/Volumes/TOSHIBA/Rekordbox_database_selected/BABE ROOTS - MUSIC MISSION EP - 02 Babe Roots Feat. Danny Coxson - World Struggle.mp3,OK,error,error,error
156,BABE ROOTS,Babe Roots Feat. Galas - Music Mission,MUSIC MISSION EP,/Volumes/TOSHIBA/Rekordbox_database_selected/BABE ROOTS - MUSIC MISSION EP - 03 Babe Roots Feat. Galas - Music Mission.mp3,OK,error,error,error
158,Babe Roots feat Kojo Neatness,Be Still feat. Kojo Neatness & E.Pertoldi,Be Still / Rawness,/Volumes/TOSHIBA/Rekordbox_database_selected/Babe Roots feat Kojo Neatness - Be Still - Rawness - 01 Be Still feat. Kojo Neatness & E.Pertoldi.mp3,OK,error,error,error
204,"Brooke Candy, La Zowi, Enzo Langston, Yung Beef, Rue Maneli, Bootychaaain, Sickboyrari",Que Te Gusta,Dimen5ión,"/Volumes/TOSHIBA/Rekordbox_database_selected/Brooke Candy, La Zowi, Enzo Langston, Yung Beef, Rue Maneli, Bootychaaain, Sickboyrari - Dimen5ión - 02 Que Te Gusta.mp3",OK,error,error,error
206,"Brooke Candy, La Zowi, Enzo Langston, Yung Beef, Rue Maneli, Bootychaaain, Sickboyrari",Traviesa,Dimen5ión,"/Volumes/TOSHIBA/Rekordbox_database_selected/Brooke Candy, La Zowi, Enzo Langston, Yung Beef, Rue Maneli, Bootychaaain, Sickboyrari - Dimen5ión - 04 Traviesa.mp3",OK,error,error,error
208,"Brooke Candy, La Zowi, Enzo Langston, Yung Beef, Rue Maneli, Bootychaaain, Sickboyrari",Pensamientos,Dimen5ión,"/Volumes/TOSHIBA/Rekordbox_database_selected/Brooke Candy, La Zowi, Enzo Langston, Yung Beef, Rue Maneli, Bootychaaain, Sickboyrari - Dimen5ión - 06 Pensamientos.mp3",OK,error,error,error
210,"Brooke Candy, La Zowi, Enzo Langston, Yung Beef, Rue Maneli, Bootychaaain, Sickboyrari",Dimension Ft. La Zowi,Dimen5ión,"/Volumes/TOSHIBA/Rekordbox_database_selected/Brooke Candy, La Zowi, Enzo Langston, Yung Beef, Rue Maneli, Bootychaaain, Sickboyrari - Dimen5ión - 05 Dimension Ft. La Zowi.mp3",OK,error,error,error
212,"Brooke Candy, La Zowi, Enzo Langston, Yung Beef, Rue Maneli, Bootychaaain, Sickboyrari",Duro 2005,Dimen5ión,"/Volumes/TOSHIBA/Rekordbox_database_selected/Brooke Candy, La Zowi, Enzo Langston, Yung Beef, Rue Maneli, Bootychaaain, Sickboyrari - Dimen5ión - 09 Duro 2005.mp3",OK,error,error,error
214,"Brooke Candy, La Zowi, Enzo Langston, Yung Beef, Rue Maneli, Bootychaaain, Sickboyrari",No Quieres Lio,Dimen5ión,"/Volumes/TOSHIBA/Rekordbox_database_selected/Brooke Candy, La Zowi, Enzo Langston, Yung Beef, Rue Maneli, Bootychaaain, Sickboyrari - Dimen5ión - 12 No Quieres Lio.mp3",OK,error,error,error
216,"Brooke Candy, La Zowi, Enzo Langston, Yung Beef, Rue Maneli, Bootychaaain, Sickboyrari",Vicio,Dimen5ión,"/Volumes/TOSHIBA/Rekordbox_database_selected/Brooke Candy, La Zowi, Enzo Langston, Yung Beef, Rue Maneli, Bootychaaain, Sickboyrari - Dimen5ión - 15 Vicio.mp3",OK,error,error,error
218,"Brooke Candy, La Zowi, Enzo Langston, Yung Beef, Rue Maneli, Bootychaaain, Sickboyrari","No Practice Ft. Rue Maneli, Bootychaaain & Sickboyrari",Dimen5ión,"/Volumes/TOSHIBA/Rekordbox_database_selected/Brooke Candy, La Zowi, Enzo Langston, Yung Beef, Rue Maneli, Bootychaaain, Sickboyrari - Dimen5ión - 14 No Practice Ft. Rue Maneli, Bootychaaain & Sickboyrari.mp3",OK,error,error,error
220,"Brooke Candy, La Zowi, Enzo Langston, Yung Beef, Rue Maneli, Bootychaaain, Sickboyrari",Power,Dimen5ión,"/Volumes/TOSHIBA/Rekordbox_database_selected/Brooke Candy, La Zowi, Enzo Langston, Yung Beef, Rue Maneli, Bootychaaain, Sickboyrari - Dimen5ión - 13 Power.mp3",OK,error,error,error
244,Marino Stephano,Eternal Rhapsody,Future Trance 5,/Volumes/TOSHIBA/Rekordbox_database_selected/Marino Stephano - Eternal Rhapsody.mp3,OK,error,error,error
245,Terry Bones,Dreaming,Future Trance 5,/Volumes/TOSHIBA/Rekordbox_database_selected/Terry Bones - Dreaming.mp3,OK,error,error,error
246,CASH FROM HASH,SENSORY NERVE,CASH FROM HASH - AXON,/Volumes/TOSHIBA/Rekordbox_database_selected/CASH FROM HASH - CASH FROM HASH - AXON - 02 SENSORY NERVE.mp3,OK,error,error,error
247,Camboja,Chasing Drinks And Shadows (Giesse Remix),Chasing Drinks And Shadows Ep,/Volumes/TOSHIBA/Rekordbox_database_selected/Camboja - Chasing Drinks And Shadows (giesse Remix).mp3,OK,error,error,error
249,CASH FROM HASH,INVOLUNTARY CONTRACTION,CASH FROM HASH - AXON,/Volumes/TOSHIBA/Rekordbox_database_selected/CASH FROM HASH - CASH FROM HASH - AXON - 01 INVOLUNTARY CONTRACTION.mp3,OK,error,error,error
269,Meo Lorenzo,Dream’s Road,Future Trance 5,/Volumes/TOSHIBA/Rekordbox_database_selected/Meo Lorenzo - Dream’s Road.mp3,OK,error,error,error
271,Miss Peppermint,Let Me Hear the DJ,Future Trance 5,/Volumes/TOSHIBA/Rekordbox_database_selected/Miss Peppermint - Let Me Hear the DJ.mp3,OK,error,error,error
277,Veracocha,Carte Blanche,"Dream Dance, Vol. 88",/Volumes/TOSHIBA/Rekordbox_database_selected/Veracocha - Carte Blanche.mp3,OK,error,error,error
278,Clara! y Maoupa,Truenos,Luna Nueva,/Volumes/TOSHIBA/Rekordbox_database_selected/Clara! y Maoupa - Truenos.mp3,OK,error,error,error
321,Digiaches,I See White,I See White,/Volumes/TOSHIBA/Rekordbox_database_selected/Digiaches - I See White.mp3,OK,error,error,error
322,Distro,Distro - Lust,MOM046: Distro - Lust / Liquor,/Volumes/TOSHIBA/Rekordbox_database_selected/Distro - MOM046- Distro - Lust - Liquor - 01 Distro - Lust.mp3,OK,error,error,error
324,Distro,Distro - Liquor,MOM046: Distro - Lust / Liquor,/Volumes/TOSHIBA/Rekordbox_database_selected/Distro - MOM046- Distro - Lust - Liquor - 02 Distro - Liquor.mp3,OK,error,error,error
333,DJ LUKINHAS ((CALMO)),DJ LUKINHAS - BATEU A QUIMICA [[MTG RAQUEL DOS TECLADOS HOTEL ROOM SERVICE 2024]],DJ LUKINHAS - BATEU A QUIMICA [[MTG RAQUEL DOS TECLADOS HOTEL ROOM SERVICE 2024]],/Volumes/TOSHIBA/Rekordbox_database_selected/DJ LUKINHAS ((CALMO)) -  01 DJ LUKINHAS - BATEU A QUIMICA [[MTG RAQUEL DOS TECLADOS HOTEL ROOM SERVICE 2024]].mp3,OK,error,error,error
337,DJ BeBeDeRa,Tarraxo Reboleixon Au Rubro,Tarraxo Funguiça Das Negras [SP],/Volumes/TOSHIBA/Rekordbox_database_selected/DJ BeBeDeRa - Tarraxo Funguiça Das Negras -SP- - 02 Tarraxo Reboleixon Au Rubro.mp3,OK,error,error,error
412,dstrtdvsn,No Signal,73 Explore your mind (electro),/Volumes/TOSHIBA/Rekordbox_database_selected/dstrtdvsn - 73 Explore your mind (electro) - 03 No Signal.mp3,OK,error,error,error
414,dstrtdvsn,Destroy the Future,73 Explore your mind (electro),/Volumes/TOSHIBA/Rekordbox_database_selected/dstrtdvsn - 73 Explore your mind (electro) - 01 Destroy the Future.mp3,OK,error,error,error
416,dstrtdvsn,Overdose,73 Explore your mind (electro),/Volumes/TOSHIBA/Rekordbox_database_selected/dstrtdvsn - 73 Explore your mind (electro) - 04 Overdose.mp3,OK,error,error,error
418,Dubkasm ft Rider Shafique (Egoless remix),Enter The Gates - Egoless Remix,Dubkasm ft Rider Shafique - Enter the Gates (Egoless Remix),/Volumes/TOSHIBA/Rekordbox_database_selected/Dubkasm ft Rider Shafique (Egoless remix) - Dubkasm ft Rider Shafique - Enter the Gates (Egoless Remix) - 01 Enter The Gates - Egoless Remix.mp3,OK,error,error,error
420,Dubkasm ft Rider Shafique (Egoless remix),Enter The Gates - Instrumental (Egoless Remix),Dubkasm ft Rider Shafique - Enter the Gates (Egoless Remix),/Volumes/TOSHIBA/Rekordbox_database_selected/Dubkasm ft Rider Shafique (Egoless remix) - Dubkasm ft Rider Shafique - Enter the Gates (Egoless Remix) - 02 Enter The Gates - Instrumental (Egoless Remix).mp3,OK,error,error,error
422,Ebb ft. Akcept,Wild Wood,Fox & Hound 002,/Volumes/TOSHIBA/Rekordbox_database_selected/Ebb ft. Akcept - Wild Wood.mp3,OK,error,error,error
454,Flowdan,One Question,Full Metal Jacket,/Volumes/TOSHIBA/Rekordbox_database_selected/Flowdan - One Question.mp3,OK,error,error,error
458,Flowdan,Boss,Full Metal Jacket,/Volumes/TOSHIBA/Rekordbox_database_selected/Flowdan - Boss.mp3,OK,error,error,error
482,Flowdan,Coldest,Full Metal Jacket,/Volumes/TOSHIBA/Rekordbox_database_selected/Flowdan - Coldest.mp3,OK,error,error,error
484,Batenko,Sea Dreaming,FBN005 - Locked Up,/Volumes/TOSHIBA/Rekordbox_database_selected/Batenko - FBN005 - Locked Up - 01 Sea Dreaming.mp3,OK,error,error,error
486,"Francois Dillinger, The Droid",Faulty Install,FBN005 - Locked Up,"/Volumes/TOSHIBA/Rekordbox_database_selected/Francois Dillinger, The Droid - FBN005 - Locked Up - 08 Faulty Install.mp3",OK,error,error,error
488,Gavnlig,Canola,FBN005 - Locked Up,/Volumes/TOSHIBA/Rekordbox_database_selected/Gavnlig - FBN005 - Locked Up - 02 Canola.mp3,OK,error,error,error
490,PanicMan,Raw Hits,FBN005 - Locked Up,/Volumes/TOSHIBA/Rekordbox_database_selected/PanicMan - FBN005 - Locked Up - 06 Raw Hits.mp3,OK,error,error,error
494,Flowdan,News at Ten,Full Metal Jacket,/Volumes/TOSHIBA/Rekordbox_database_selected/Flowdan - News at Ten.mp3,OK,error,error,error
507,Hypho & Rakay,Graft,Round Ere,/Volumes/TOSHIBA/Rekordbox_database_selected/hypho_and_rakay-graft-mkd.mp3,OK,error,error,error
509,Hypho & Rakay,Round Ere,Round Ere,/Volumes/TOSHIBA/Rekordbox_database_selected/hypho_and_rakay-round_ere-mkd.mp3,OK,error,error,error
513,Flowdan,Welcome to London,Full Metal Jacket,/Volumes/TOSHIBA/Rekordbox_database_selected/Flowdan - Welcome to London.mp3,OK,error,error,error
528,"Fred Again.., Lil Yatchy, Overmono",Stayinit (Dj Lukinhas Edit),Rekordbox Database,"/Volumes/TOSHIBA/Rekordbox_database_selected/Fred again.., Lil Yatchy, Overmono - stayinit (dj lukinhas edit).mp3",OK,error,error,error
544,Gavnlig,Canola,FBN005 - Locked Up,/Volumes/TOSHIBA/Rekordbox_database_selected/Gavnlig - Canola.mp3,OK,error,error,error
545,Sugar,Drowner,Kulør 001,/Volumes/TOSHIBA/Rekordbox_database_selected/Sugar - Drowner.mp3,OK,error,error,error
560,Jerico,Run That,Run That,/Volumes/TOSHIBA/Rekordbox_database_selected/Jerico - Run That - 02 Run That.mp3,OK,error,error,error
581,Hi5Ghost,No Sleep,Hi5Ghost - No Sleep / Peder Mannerfelt Remix,/Volumes/TOSHIBA/Rekordbox_database_selected/Hi5Ghost - Hi5Ghost - No Sleep - Peder Mannerfelt Remix - 01 No Sleep.mp3,OK,error,error,error
584,Hi5Ghost,Hi5Ghost - No Sleep - Peder Mannerfelt Remix,Hi5Ghost - No Sleep / Peder Mannerfelt Remix,/Volumes/TOSHIBA/Rekordbox_database_selected/Hi5Ghost - Hi5Ghost - No Sleep - Peder Mannerfelt Remix - 02 Hi5Ghost - No Sleep - Peder Mannerfelt Remix.mp3,OK,error,error,error
590,Solotape,LFJ2,Omnia Vanitas,/Volumes/TOSHIBA/Rekordbox_database_selected/Solotape - Omnia Vanitas - 03 LFJ2.mp3,OK,error,error,error
599,2Beast & Ko$te,Purgatory ft. Ko$te (prod. Hexmane),Omnia Vanitas,/Volumes/TOSHIBA/Rekordbox_database_selected/2Beast & Ko$te - Omnia Vanitas - 06 Purgatory ft. Ko$te (prod. Hexmane).mp3,OK,error,error,error
601,Buttechno,y-x4-rec,Omnia Vanitas,/Volumes/TOSHIBA/Rekordbox_database_selected/Buttechno - Omnia Vanitas - 05 y-x4-rec.mp3,OK,error,error,error
603,Kuzma Palkin,Fordyzm (ft. MC Supreme Cam Vocal),Omnia Vanitas,/Volumes/TOSHIBA/Rekordbox_database_selected/Kuzma Palkin - Omnia Vanitas - 02 Fordyzm (ft. MC Supreme Cam Vocal).mp3,OK,error,error,error
606,Hotline Recordings,A Wa Yu Want Ft. Miss Red & Rider Shafique,Ishan Sound - A Wa Yu Want Ft. Miss Red & Rider Shafique,/Volumes/TOSHIBA/Rekordbox_database_selected/Hotline Recordings - Ishan Sound - A Wa Yu Want Ft. Miss Red & Rider Shafique - 01 A Wa Yu Want Ft. Miss Red & Rider Shafique.mp3,OK,error,error,error
609,Hotline Recordings,A Wa Yu Want (Instrumental),Ishan Sound - A Wa Yu Want Ft. Miss Red & Rider Shafique,/Volumes/TOSHIBA/Rekordbox_database_selected/Hotline Recordings - Ishan Sound - A Wa Yu Want Ft. Miss Red & Rider Shafique - 02 A Wa Yu Want (Instrumental).mp3,OK,error,error,error
613,Hotline Recordings,A Wa Yu Want Ft. Miss Red & Rider Shafique (Kahn Remix),Ishan Sound - A Wa Yu Want Ft. Miss Red & Rider Shafique,/Volumes/TOSHIBA/Rekordbox_database_selected/Hotline Recordings - Ishan Sound - A Wa Yu Want Ft. Miss Red & Rider Shafique - 03 A Wa Yu Want Ft. Miss Red & Rider Shafique (Kahn Remix).mp3,OK,error,error,error
638,Whitearmor,Divine Mercy,Feelings Eternal,/Volumes/TOSHIBA/Rekordbox_database_selected/Whitearmor - Divine Mercy.mp3,OK,error,error,error
652,Jerico,Li Do,Run That,/Volumes/TOSHIBA/Rekordbox_database_selected/Jerico - Run That - 03 Li Do.mp3,OK,error,error,error
657,JLZ,BADSISTA - BABYLON (JLZ MANDELA EDIT),Só para Clubberzinhos Vol.1,/Volumes/TOSHIBA/Rekordbox_database_selected/JLZ - BADSISTA - BABYLON (JLZ MANDELA EDIT).mp3,OK,error,error,error
690,Sugar,Same But Different,Kulør 001,/Volumes/TOSHIBA/Rekordbox_database_selected/Sugar - Same But Different.mp3,OK,error,error,error
695,JV & Palf,Gully,JV & Palf - Wren EP,/Volumes/TOSHIBA/Rekordbox_database_selected/JV & Palf - JV & Palf - Wren EP - 03 Gully.mp3,OK,error,error,error
697,JV & Palf,Don't Stop,JV & Palf - Wren EP,/Volumes/TOSHIBA/Rekordbox_database_selected/JV & Palf - JV & Palf - Wren EP - 01 Don't Stop.mp3,OK,error,error,error
699,JV & Palf,JBNT,JV & Palf - Wren EP,/Volumes/TOSHIBA/Rekordbox_database_selected/JV & Palf - JV & Palf - Wren EP - 02 JBNT.mp3,OK,error,error,error
716,Minor Science,Naturally Spineless,Whities 008 [Ep],/Volumes/TOSHIBA/Rekordbox_database_selected/Minor Science - Naturally Spineless.mp3,OK,error,error,error
720,Kaval,Nenufar,TRIBY BALAD,/Volumes/TOSHIBA/Rekordbox_database_selected/Kaval - TRIBY BALAD - 03 Nenufar.mp3,OK,error,error,error
723,Kaval,Jumbo,TRIBY BALAD,/Volumes/TOSHIBA/Rekordbox_database_selected/Kaval - TRIBY BALAD - 01 Jumbo.mp3,OK,error,error,error
725,Kaval,Drum Hiss,TRIBY BALAD,/Volumes/TOSHIBA/Rekordbox_database_selected/Kaval - TRIBY BALAD - 02 Drum Hiss.mp3,OK,error,error,error
727,Kaval,Tapion Riddim,TRIBY BALAD,/Volumes/TOSHIBA/Rekordbox_database_selected/Kaval - TRIBY BALAD - 06 Tapion Riddim.mp3,OK,error,error,error
729,Kaval,Gyal Inna Jungle,TRIBY BALAD,/Volumes/TOSHIBA/Rekordbox_database_selected/Kaval - TRIBY BALAD - 05 Gyal Inna Jungle.mp3,OK,error,error,error
755,Kengu,Dj Ibon & Vilde Tuv - Closer,Dj Ibon & Vilde Tuv - Closer EP,/Volumes/TOSHIBA/Rekordbox_database_selected/Kengu - Dj Ibon & Vilde Tuv - Closer EP - 01 Dj Ibon & Vilde Tuv - Closer.mp3,OK,error,error,error
756,wen-music,"Dizzee Rascal ""Strings Hoe (Wen refix)""",Strings Hoe (Wen refix),/Volumes/TOSHIBA/Rekordbox_database_selected/wen-music - Strings Hoe (Wen refix) - 01 Dizzee Rascal -Strings Hoe (Wen refix)-.mp3,OK,error,error,error
757,Kengu,Dj Ibon & Vilde Tuv - Mineral Hool,Dj Ibon & Vilde Tuv - Closer EP,/Volumes/TOSHIBA/Rekordbox_database_selected/Kengu - Dj Ibon & Vilde Tuv - Closer EP - 02 Dj Ibon & Vilde Tuv - Mineral Hool.mp3,OK,error,error,error
759,Kengu,Dj Ibon & Vilde Tuv - Napoca Dogs,Dj Ibon & Vilde Tuv - Closer EP,/Volumes/TOSHIBA/Rekordbox_database_selected/Kengu - Dj Ibon & Vilde Tuv - Closer EP - 03 Dj Ibon & Vilde Tuv - Napoca Dogs.mp3,OK,error,error,error
766,King Doudou,Punjabi,FRUTA PROHIBIDA,/Volumes/TOSHIBA/Rekordbox_database_selected/King Doudou - FRUTA PROHIBIDA - 08 Punjabi.mp3,OK,error,error,error
768,King Doudou,Campanitas,FRUTA PROHIBIDA,/Volumes/TOSHIBA/Rekordbox_database_selected/King Doudou - FRUTA PROHIBIDA - 07 Campanitas.mp3,OK,error,error,error
770,King Doudou,Apuñalao,FRUTA PROHIBIDA,/Volumes/TOSHIBA/Rekordbox_database_selected/King Doudou - FRUTA PROHIBIDA - 01 Apuñalao.mp3,OK,error,error,error
772,King Doudou,Miss Nina ☯ JuL ☯ MC G15 - PASTILLAS PA LA CHIKITA (King Doudou Edit),King Doudou Edits Vol. 3,/Volumes/TOSHIBA/Rekordbox_database_selected/King Doudou - King Doudou Edits Vol. 3 - 01 Miss Nina ☯ JuL ☯ MC G15 - PASTILLAS PA LA CHIKITA (King Doudou Edit).mp3,OK,error,error,error
773,King Doudou,Duls de Lush,FRUTA PROHIBIDA,/Volumes/TOSHIBA/Rekordbox_database_selected/King Doudou - FRUTA PROHIBIDA - 03 Duls de Lush.mp3,OK,error,error,error
776,King Doudou,MC Pikachu - Vai Toma ( King Doudou Edit ),King Doudou Edits Vol.2,/Volumes/TOSHIBA/Rekordbox_database_selected/King Doudou - King Doudou Edits Vol.2 - 03 MC Pikachu - Vai Toma ( King Doudou Edit ).mp3,OK,error,error,error
777,King Doudou,Hackeo,FRUTA PROHIBIDA,/Volumes/TOSHIBA/Rekordbox_database_selected/King Doudou - FRUTA PROHIBIDA - 06 Hackeo.mp3,OK,error,error,error
779,King Doudou,Future - Mask Off (King Doudou Baile Funk Edit),King Doudou Edits Vol.1,/Volumes/TOSHIBA/Rekordbox_database_selected/King Doudou - Future - Mask Off (King Doudou Baile Funk Edit).mp3,OK,error,error,error
783,King Doudou,Omulu & King Doudou ft. Mc Tha - Bonde da Pantera (King Doudou Edit,King Doudou Edits Vol. 3,/Volumes/TOSHIBA/Rekordbox_database_selected/King Doudou - King Doudou Edits Vol. 3 - 02 Omulu & King Doudou ft. Mc Tha - Bonde da Pantera (King Doudou Edit.mp3,OK,error,error,error
785,King Doudou,Dizzee Rascal ☯ Mc BinLaden - Stand Up Bololo ( King Doudou Edit ),King Doudou Edits Vol. 3,/Volumes/TOSHIBA/Rekordbox_database_selected/King Doudou - King Doudou Edits Vol. 3 - 03 Dizzee Rascal ☯ Mc BinLaden - Stand Up Bololo ( King Doudou Edit ).mp3,OK,error,error,error
787,King Doudou,Anakta ✨  BadGyal ✨ King Doudou  - Fiebre en el Suelo (King Doudou Edit).mp3,King Doudou Edits Vol.2,/Volumes/TOSHIBA/Rekordbox_database_selected/King Doudou - King Doudou Edits Vol.2 - 01 Anakta ✨ BadGyal ✨ King Doudou - Fiebre en el Suelo (King Doudou Edit).mp3.mp3,OK,error,error,error
789,King Doudou,Booba ✨ DJ Florentino ✨ Mozart la Para - Llamada pal Salside (King Doudou Edit),King Doudou Edits Vol.2,/Volumes/TOSHIBA/Rekordbox_database_selected/King Doudou - King Doudou Edits Vol.2 - 02 Booba ✨ DJ Florentino ✨ Mozart la Para - Llamada pal Salside (King Doudou Edit).mp3,OK,error,error,error
802,King Doudou,Toa (ft. Jamez Manuel),Toa,/Volumes/TOSHIBA/Rekordbox_database_selected/King Doudou - Toa - 01 Toa (ft. Jamez Manuel).mp3,OK,error,error,error
804,King Doudou,Toa (Instrumental),Toa,/Volumes/TOSHIBA/Rekordbox_database_selected/King Doudou - Toa - 02 Toa (Instrumental).mp3,OK,error,error,error
806,"King Doudou, Face-T",Two Words (King Doudou Reggae Mix),Worldwide Arena,"/Volumes/TOSHIBA/Rekordbox_database_selected/King Doudou, Face-T - Worldwide Arena - 02 Two Words (King Doudou Reggae Mix).mp3",OK,error,error,error
808,"King Doudou, Fauna, Dengue Dengue Dengue, Catnapp, Zonora Point",Meow ft. Catnapp,KD COMPIL 1,"/Volumes/TOSHIBA/Rekordbox_database_selected/King Doudou, Fauna, Dengue Dengue Dengue, Catnapp, Zonora Point - KD COMPIL 1 - 04 Meow ft. Catnapp.mp3",OK,error,error,error
834,Kreggo,A1 - After Waiting,Immaginario EP [digital exclusive],/Volumes/TOSHIBA/Rekordbox_database_selected/Kreggo - Immaginario EP -digital exclusive- - 01 A1 - After Waiting.mp3,OK,error,error,error
836,Kreggo,A2 - Floatnet Jplogue,Immaginario EP [digital exclusive],/Volumes/TOSHIBA/Rekordbox_database_selected/Kreggo - Immaginario EP -digital exclusive- - 02 A2 - Floatnet Jplogue.mp3,OK,error,error,error
838,Kreggo,A3 - Sudden Changes,Immaginario EP [digital exclusive],/Volumes/TOSHIBA/Rekordbox_database_selected/Kreggo - Immaginario EP -digital exclusive- - 03 A3 - Sudden Changes.mp3,OK,error,error,error
840,Kreggo,B1 - In Memory Of A Common Feeling,Immaginario EP [digital exclusive],/Volumes/TOSHIBA/Rekordbox_database_selected/Kreggo - Immaginario EP -digital exclusive- - 04 B1 - In Memory Of A Common Feeling.mp3,OK,error,error,error
842,Kreggo,B2 - Lektro Ergo Kg,Immaginario EP [digital exclusive],/Volumes/TOSHIBA/Rekordbox_database_selected/Kreggo - Immaginario EP -digital exclusive- - 05 B2 - Lektro Ergo Kg.mp3,OK,error,error,error
844,Kreggo,A2 - g00n,New Age EP [digital exclusive],/Volumes/TOSHIBA/Rekordbox_database_selected/Kreggo - New Age EP -digital exclusive- - 02 A2 - g00n.mp3,OK,error,error,error
846,Kreggo,B1 - The Return Of The Tekno Acid Beat,New Age EP [digital exclusive],/Volumes/TOSHIBA/Rekordbox_database_selected/Kreggo - New Age EP -digital exclusive- - 03 B1 - The Return Of The Tekno Acid Beat.mp3,OK,error,error,error
848,Kreggo,B2 - Hey Moon,New Age EP [digital exclusive],/Volumes/TOSHIBA/Rekordbox_database_selected/Kreggo - New Age EP -digital exclusive- - 04 B2 - Hey Moon.mp3,OK,error,error,error
850,Kreggo,B3 - Lawn At Dawn,New Age EP [digital exclusive],/Volumes/TOSHIBA/Rekordbox_database_selected/Kreggo - New Age EP -digital exclusive- - 05 B3 - Lawn At Dawn.mp3,OK,error,error,error
859,Bicycle Ride,Dame Fuego,STAY FAST VOL. 1,/Volumes/TOSHIBA/Rekordbox_database_selected/Bicycle Ride - STAY FAST VOL. 1 - 04 Dame Fuego.mp3,OK,error,error,error
861,D-Nite,Chaos Control,STAY FAST VOL. 1,/Volumes/TOSHIBA/Rekordbox_database_selected/D-Nite - STAY FAST VOL. 1 - 11 Chaos Control.mp3,OK,error,error,error
863,Dj RUSSIAN AIDS & ARCAEDE,XXX,STAY FAST VOL. 1,/Volumes/TOSHIBA/Rekordbox_database_selected/Dj RUSSIAN AIDS & ARCAEDE - STAY FAST VOL. 1 - 09 XXX.mp3,OK,error,error,error
865,Dj XNX,Coail,STAY FAST VOL. 1,/Volumes/TOSHIBA/Rekordbox_database_selected/Dj XNX - STAY FAST VOL. 1 - 03 Coail.mp3,OK,error,error,error
867,Kwasir,Untitled,STAY FAST VOL. 1,/Volumes/TOSHIBA/Rekordbox_database_selected/Kwasir - STAY FAST VOL. 1 - 07 Untitled.mp3,OK,error,error,error
869,Martinelli & Catib,Jus Choppin,STAY FAST VOL. 1,/Volumes/TOSHIBA/Rekordbox_database_selected/Martinelli & Catib - STAY FAST VOL. 1 - 13 Jus Choppin.mp3,OK,error,error,error
871,Skrpump,On The Floor,STAY FAST VOL. 1,/Volumes/TOSHIBA/Rekordbox_database_selected/Skrpump - STAY FAST VOL. 1 - 06 On The Floor.mp3,OK,error,error,error
873,Swooh,"You See, You Know",STAY FAST VOL. 1,"/Volumes/TOSHIBA/Rekordbox_database_selected/Swooh - STAY FAST VOL. 1 - 08 You See, You Know.mp3",OK,error,error,error
875,Teral,Hard Core Awan,STAY FAST VOL. 1,/Volumes/TOSHIBA/Rekordbox_database_selected/Teral - STAY FAST VOL. 1 - 10 Hard Core Awan.mp3,OK,error,error,error
890,Repro,Det Går Dårligt,Kulør 001,/Volumes/TOSHIBA/Rekordbox_database_selected/Repro - Det Går Dårligt.mp3,OK,error,error,error
895,Lava Dome,Rhyolite,MAGMA (Donating 100%),/Volumes/TOSHIBA/Rekordbox_database_selected/Lava Dome - MAGMA (Donating 100-) - 01 Rhyolite.mp3,OK,error,error,error
897,Lava Dome,O U Muss B,MAGMA (Donating 100%),/Volumes/TOSHIBA/Rekordbox_database_selected/Lava Dome - MAGMA (Donating 100-) - 02 O U Muss B.mp3,OK,error,error,error
899,Lava Dome,Air Lock,MAGMA (Donating 100%),/Volumes/TOSHIBA/Rekordbox_database_selected/Lava Dome - MAGMA (Donating 100-) - 03 Air Lock.mp3,OK,error,error,error
901,Lava Dome,Far Encounter,MAGMA (Donating 100%),/Volumes/TOSHIBA/Rekordbox_database_selected/Lava Dome - MAGMA (Donating 100-) - 04 Far Encounter.mp3,OK,error,error,error
903,Lava Dome,Closer,MAGMA (Donating 100%),/Volumes/TOSHIBA/Rekordbox_database_selected/Lava Dome - MAGMA (Donating 100-) - 05 Closer.mp3,OK,error,error,error
947,Luca Lozano x Dawl,NRG,Cybernetik Synergy EP,/Volumes/TOSHIBA/Rekordbox_database_selected/luca_lozano_x_dawl--nrg-81a702f4.mp3,OK,error,error,error
948,Qant,Transgressive Bells,Transgressive EP [VIBEZLTD93002],/Volumes/TOSHIBA/Rekordbox_database_selected/Qant - Transgressive Bells.mp3,OK,error,error,error
949,Luca Lozano x Dawl,Virtual Space,Cybernetik Synergy EP,/Volumes/TOSHIBA/Rekordbox_database_selected/luca_lozano_x_dawl--virtual_space-9f90f5ff.mp3,OK,error,error,error
981,H.R.,Cocaine,SPORTS 3,/Volumes/TOSHIBA/Rekordbox_database_selected/HR FOR DRUG DEALERS - COCAINE.mp3,OK,error,error,error
984,scopeotaku,02 NTTC Hungry Ghost Dub,4040,/Volumes/TOSHIBA/Rekordbox_database_selected/scopeotaku - NTTC Hungry Ghost Dub.mp3,OK,error,error,error
1018,Commodo feat. JME,Shift,Shift,/Volumes/TOSHIBA/Rekordbox_database_selected/Commodo - Shift.mp3,OK,error,error,error
1064,Mindcut Music,Night Drive,Mindcut08 - Myler - Dixies James EP,/Volumes/TOSHIBA/Rekordbox_database_selected/Mindcut Music - Mindcut08 - Myler - Dixies James EP - 03 Night Drive.mp3,OK,error,error,error
1066,Mindcut Music,Geetus,Mindcut08 - Myler - Dixies James EP,/Volumes/TOSHIBA/Rekordbox_database_selected/Mindcut Music - Mindcut08 - Myler - Dixies James EP - 04 Geetus.mp3,OK,error,error,error
1095,Ninja Exotic Machine Ft. Yeho,Explore My Crack,36 Questions,/Volumes/TOSHIBA/Rekordbox_database_selected/Ninja Exotic Machine Ft. Yeho - 36 Questions - 01 Explore My Crack.mp3,OK,error,error,error
1097,Ninja Exotic Machine Ft. Yeho,36 Questions,36 Questions,/Volumes/TOSHIBA/Rekordbox_database_selected/Ninja Exotic Machine Ft. Yeho - 36 Questions - 02 36 Questions.mp3,OK,error,error,error
1099,Ninja Exotic Machine Ft. Yeho,Disolve,36 Questions,/Volumes/TOSHIBA/Rekordbox_database_selected/Ninja Exotic Machine Ft. Yeho - 36 Questions - 03 Disolve.mp3,OK,error,error,error
1107,Notte Brigante,A1 - Wonderful girl,NB03t - Simplists - Over SImplifies Reality Lp,/Volumes/TOSHIBA/Rekordbox_database_selected/Notte Brigante - NB03t - Simplists - Over SImplifies Reality Lp - 01 A1 - Wonderful girl.mp3,OK,error,error,error
1109,Notte Brigante,B1 - Untitled (dub),NB03t - Simplists - Over SImplifies Reality Lp,/Volumes/TOSHIBA/Rekordbox_database_selected/Notte Brigante - NB03t - Simplists - Over SImplifies Reality Lp - 06 B1 - Untitled (dub).mp3,OK,error,error,error
1111,Notte Brigante,B4 - Alec & thud v2,NB03t - Simplists - Over SImplifies Reality Lp,/Volumes/TOSHIBA/Rekordbox_database_selected/Notte Brigante - NB03t - Simplists - Over SImplifies Reality Lp - 09 B4 - Alec & thud v2.mp3,OK,error,error,error
1113,Notte Brigante,B5 - Substance dub,NB03t - Simplists - Over SImplifies Reality Lp,/Volumes/TOSHIBA/Rekordbox_database_selected/Notte Brigante - NB03t - Simplists - Over SImplifies Reality Lp - 10 B5 - Substance dub.mp3,OK,error,error,error
1115,Notte Brigante,B3 - DAMMERUNG (Lo Kindre Remix),NB01t - HLM38 / UVB76 / The Idealist / Lo Kindre - Stranger Than Dub EP,/Volumes/TOSHIBA/Rekordbox_database_selected/Notte Brigante - NB01t - HLM38 - UVB76 - The Idealist - Lo Kindre - Stranger Than Dub EP - 06 B3 - DAMMERUNG (Lo Kindre Remix).mp3,OK,error,error,error
1135,Osémio Boémio,DEAD LISBON,Osémio Boémio - DEAD LISBON EP,/Volumes/TOSHIBA/Rekordbox_database_selected/Osémio Boémio - Osémio Boémio - DEAD LISBON EP - 04 DEAD LISBON.mp3,OK,error,error,error
1137,Osémio Boémio,WHITE NIGHT,Osémio Boémio - DEAD LISBON EP,/Volumes/TOSHIBA/Rekordbox_database_selected/Osémio Boémio - Osémio Boémio - DEAD LISBON EP - 09 WHITE NIGHT.mp3,OK,error,error,error
1139,Osémio Boémio,"YES, I'M DEAD",Osémio Boémio - DEAD LISBON EP,"/Volumes/TOSHIBA/Rekordbox_database_selected/Osémio Boémio - Osémio Boémio - DEAD LISBON EP - 08 YES, I'M DEAD.mp3",OK,error,error,error
1141,Osémio Boémio,JUG FT. RKEAT,Osémio Boémio - NO TIME 4 BAD DAYS EP,/Volumes/TOSHIBA/Rekordbox_database_selected/Osémio Boémio - Osémio Boémio - NO TIME 4 BAD DAYS EP - 03 JUG FT. RKEAT.mp3,OK,error,error,error
1143,Osémio Boémio,YUNG BOHEMIUN,Osémio Boémio - NO TIME 4 BAD DAYS EP,/Volumes/TOSHIBA/Rekordbox_database_selected/Osémio Boémio - Osémio Boémio - NO TIME 4 BAD DAYS EP - 01 YUNG BOHEMIUN.mp3,OK,error,error,error
1202,Pearson Sound X Clara!,Mi Cuerpo,Mi Cuerpo,/Volumes/TOSHIBA/Rekordbox_database_selected/Pearson Sound X Clara! - Mi Cuerpo - 01 Mi Cuerpo.mp3,OK,error,error,error
1204,Pearson Sound X Clara!,Mi Cuerpo (Club Instrumental),Mi Cuerpo,/Volumes/TOSHIBA/Rekordbox_database_selected/Pearson Sound X Clara! - Mi Cuerpo - 02 Mi Cuerpo (Club Instrumental).mp3,OK,error,error,error
1229,IBON,Forest Car,Kulør 001,/Volumes/TOSHIBA/Rekordbox_database_selected/IBON - Forest Car.mp3,OK,error,error,error
1239,Wsdm022,Unto,Piezo Lsd Superhero (All Files),/Volumes/TOSHIBA/Rekordbox_database_selected/WSDM022 - 2_Piezo - Unto.mp3,OK,error,error,error
1241,Wsdm022,Tb2,Piezo Lsd Superhero (All Files),/Volumes/TOSHIBA/Rekordbox_database_selected/WSDM022 - 3_Piezo + K-LONE - TB2.mp3,OK,error,error,error
1258,Ploy,Move Your Body,Ploy - 'The Edits' DIGITAL,/Volumes/TOSHIBA/Rekordbox_database_selected/Ploy - Ploy - 'The Edits' DIGITAL - 03 Move Your Body.mp3,OK,error,error,error
1260,Ploy,Lick It,Ploy - 'The Edits' DIGITAL,/Volumes/TOSHIBA/Rekordbox_database_selected/Ploy - Ploy - 'The Edits' DIGITAL - 01 Lick It.mp3,OK,error,error,error
1262,Ploy,Breathe,Ploy - 'The Edits' DIGITAL,/Volumes/TOSHIBA/Rekordbox_database_selected/Ploy - Ploy - 'The Edits' DIGITAL - 02 Breathe.mp3,OK,error,error,error
1266,Pluralist,Surface,CJAW013: Pluralist,/Volumes/TOSHIBA/Rekordbox_database_selected/Pluralist - CJAW013- Pluralist - 02 Surface.mp3,OK,error,error,error
1281,Qant,2093,Transgressive EP [VIBEZLTD93002],/Volumes/TOSHIBA/Rekordbox_database_selected/Qant - 2093.mp3,OK,error,error,error
1309,RDL Shellah,RDL - Streets (Club Mix)*,Streets,/Volumes/TOSHIBA/Rekordbox_database_selected/RDL Shellah - Streets - 03 RDL - Streets (Club Mix)-.mp3,OK,error,error,error
1311,RDL Shellah,RDL - Streets,Streets,/Volumes/TOSHIBA/Rekordbox_database_selected/RDL Shellah - Streets - 01 RDL - Streets.mp3,OK,error,error,error
1313,RDL Shellah,Smurphy - DesertK&QLove Riddim,Streets,/Volumes/TOSHIBA/Rekordbox_database_selected/RDL Shellah - Streets - 02 Smurphy - DesertK&QLove Riddim.mp3,OK,error,error,error
1335,rkeat.,rodeo,rkeat - the changes ep,/Volumes/TOSHIBA/Rekordbox_database_selected/rkeat. - rkeat - the changes ep - 03 rodeo.mp3,OK,error,error,error
1337,rkeat.,rip,rkeat - the changes ep,/Volumes/TOSHIBA/Rekordbox_database_selected/rkeat. - rkeat - the changes ep - 04 rip.mp3,OK,error,error,error
1339,rkeat.,querida (rkeat flip),rkeat - the changes ep,/Volumes/TOSHIBA/Rekordbox_database_selected/rkeat. - rkeat - the changes ep - 05 querida (rkeat flip).mp3,OK,error,error,error
1342,Minor Science,Underripe,Whities 008 [Ep],/Volumes/TOSHIBA/Rekordbox_database_selected/Minor Science - Underripe.mp3,OK,error,error,error
1355,Roska,Roska - Killin' It ft. TT The Artist,MOM039: Roska - Jammed EP,/Volumes/TOSHIBA/Rekordbox_database_selected/Roska - MOM039- Roska - Jammed EP - 01 Roska - Killin' It ft. TT The Artist.mp3,OK,error,error,error
1357,Roska,Roska - Jammed,MOM039: Roska - Jammed EP,/Volumes/TOSHIBA/Rekordbox_database_selected/Roska - MOM039- Roska - Jammed EP - 02 Roska - Jammed.mp3,OK,error,error,error
1359,Roska,Roska - Cool Down,MOM039: Roska - Jammed EP,/Volumes/TOSHIBA/Rekordbox_database_selected/Roska - MOM039- Roska - Jammed EP - 03 Roska - Cool Down.mp3,OK,error,error,error
1370,IBON,No Sleep,Kulør 001,/Volumes/TOSHIBA/Rekordbox_database_selected/IBON - No Sleep.mp3,OK,error,error,error
1394,Qant,Leap Of Faith,Transgressive EP [VIBEZLTD93002],/Volumes/TOSHIBA/Rekordbox_database_selected/Qant - Leap Of Faith.mp3,OK,error,error,error
1429,SlugDown,Há Dias,Sun Box,/Volumes/TOSHIBA/Rekordbox_database_selected/SlugDown - Sun Box - 06 Há Dias.mp3,OK,error,error,error
1433,Truncate,Transients (Mike Gervais Remix),Transients (WEB),/Volumes/TOSHIBA/Rekordbox_database_selected/truncate-transients_(mike_gervais_remix).mp3,OK,error,error,error
1437,Funeral Future,Heute Nicht,Kulør 001,/Volumes/TOSHIBA/Rekordbox_database_selected/Funeral Future - Heute Nicht.mp3,OK,error,error,error
1445,Truncate,Transients V1 (Original Mix),Transients (WEB),/Volumes/TOSHIBA/Rekordbox_database_selected/truncate-transients_v1_(original_mix).mp3,OK,error,error,error
1449,Truncate,Transients (Drumcell Remix),Transients (WEB),/Volumes/TOSHIBA/Rekordbox_database_selected/truncate-transients_(drumcell_remix).mp3,OK,error,error,error
1450,Sockethead,Coarse Ground,SPORTS 3,/Volumes/TOSHIBA/Rekordbox_database_selected/Sockethead - Coarse Ground.mp3,OK,error,error,error
1455,Sprawl + D'Arcangelo Remix,A2 - The Contact,Time Tunnel,/Volumes/TOSHIBA/Rekordbox_database_selected/Sprawl + D'Arcangelo Remix - Time Tunnel - 02 A2 - The Contact.mp3,OK,error,error,error
1457,Sprawl + D'Arcangelo Remix,B2 - Electrome (D'Arcangelo Remix),Time Tunnel,/Volumes/TOSHIBA/Rekordbox_database_selected/Sprawl + D'Arcangelo Remix - Time Tunnel - 05 B2 - Electrome (D'Arcangelo Remix).mp3,OK,error,error,error
1483,Tebra X Double Precision,Outro,Jokini,/Volumes/TOSHIBA/Rekordbox_database_selected/Tebra X Double Precision - Jokini - 08 Outro.mp3,OK,error,error,error
1486,TEMPEST,"THUS, LIGHT",UNFULFILLED EP,"/Volumes/TOSHIBA/Rekordbox_database_selected/TEMPEST - UNFULFILLED EP - 03 THUS, LIGHT.mp3",OK,error,error,error
1488,TEMPEST,MISFIT HILLS,UNFULFILLED EP,/Volumes/TOSHIBA/Rekordbox_database_selected/TEMPEST - UNFULFILLED EP - 02 MISFIT HILLS.mp3,OK,error,error,error
1490,TEMPEST,III,UNFULFILLED EP,/Volumes/TOSHIBA/Rekordbox_database_selected/TEMPEST - UNFULFILLED EP - 04 III.mp3,OK,error,error,error
1492,TEMPEST,ABDTBL,UNFULFILLED EP,/Volumes/TOSHIBA/Rekordbox_database_selected/TEMPEST - UNFULFILLED EP - 05 ABDTBL.mp3,OK,error,error,error
1505,Somah feat. Rider Shafique,Hebrew Flip,Dark Arts,/Volumes/TOSHIBA/Rekordbox_database_selected/somah_feat_rider_shafique-hebrew_flip-abdbfd6a.mp3,OK,error,error,error
1512,La Zowi/Pablo Chill-E/Xander,Boss,Élite,/Volumes/TOSHIBA/Rekordbox_database_selected/La Zowi - Boss.mp3,OK,error,error,error
1514,Truncate,Transients V2 (Original Mix),Transients (WEB),/Volumes/TOSHIBA/Rekordbox_database_selected/truncate-transients_v2_(original_mix).mp3,OK,error,error,error
1522,Treega,We Da Dogs,Trasher EP,/Volumes/TOSHIBA/Rekordbox_database_selected/Treega - Trasher EP - 02 We Da Dogs.mp3,OK,error,error,error
1524,Treega,Uoppa Dive,Trasher EP,/Volumes/TOSHIBA/Rekordbox_database_selected/Treega - Trasher EP - 03 Uoppa Dive.mp3,OK,error,error,error
1526,Trev,Of The Sorcerer,CoOp Presents: Plug One,/Volumes/TOSHIBA/Rekordbox_database_selected/Trev - Of The Sorcerer.mp3,OK,error,error,error
1529,Repro,Hot Lead Payoff,Kulør 001,/Volumes/TOSHIBA/Rekordbox_database_selected/Repro - Hot Lead Payoff.mp3,OK,error,error,error
1541,Unknown Artists,A - Gomma Piuma,Gomma Piuma,/Volumes/TOSHIBA/Rekordbox_database_selected/Unknown Artists - Gomma Piuma - 01 A - Gomma Piuma.mp3,OK,error,error,error
1545,Alxs.f,Lattice,DAAF TRAX 2,/Volumes/TOSHIBA/Rekordbox_database_selected/Alxs.f - DAAF TRAX 2 - 14 Lattice.mp3,OK,error,error,error
1547,CRAZED (BR),Certo Pelo Certo,DAAF TRAX 2,/Volumes/TOSHIBA/Rekordbox_database_selected/CRAZED (BR) - DAAF TRAX 2 - 01 Certo Pelo Certo.mp3,OK,error,error,error
1549,Lv Amaj,Pokemon Blanco Y Negro,DAAF TRAX 2,/Volumes/TOSHIBA/Rekordbox_database_selected/Lv Amaj - DAAF TRAX 2 - 20 Pokemon Blanco Y Negro.mp3,OK,error,error,error
1551,Mezer,Dont Give A F,DAAF TRAX 2,/Volumes/TOSHIBA/Rekordbox_database_selected/Mezer - DAAF TRAX 2 - 11 Dont Give A F.mp3,OK,error,error,error
1553,Mister Bellini,Labyrinth,DAAF TRAX 2,/Volumes/TOSHIBA/Rekordbox_database_selected/Mister Bellini - DAAF TRAX 2 - 09 Labyrinth.mp3,OK,error,error,error
1555,Obzerv,Human,DAAF TRAX 2,/Volumes/TOSHIBA/Rekordbox_database_selected/Obzerv - DAAF TRAX 2 - 04 Human.mp3,OK,error,error,error
1557,Parallel Journey,Walkin Around,DAAF TRAX 2,/Volumes/TOSHIBA/Rekordbox_database_selected/Parallel Journey - DAAF TRAX 2 - 19 Walkin Around.mp3,OK,error,error,error
1559,Shevinkields,Beneath My Face,DAAF TRAX 2,/Volumes/TOSHIBA/Rekordbox_database_selected/Shevinkields - DAAF TRAX 2 - 08 Beneath My Face.mp3,OK,error,error,error
1561,Skrpump,Ti 4mo,DAAF TRAX 2,/Volumes/TOSHIBA/Rekordbox_database_selected/Skrpump - DAAF TRAX 2 - 12 Ti 4mo.mp3,OK,error,error,error
1563,Verde,Bend Range,DAAF TRAX 2,/Volumes/TOSHIBA/Rekordbox_database_selected/Verde - DAAF TRAX 2 - 05 Bend Range.mp3,OK,error,error,error
1565,xk21,Cascade,DAAF TRAX 2,/Volumes/TOSHIBA/Rekordbox_database_selected/xk21 - DAAF TRAX 2 - 13 Cascade.mp3,OK,error,error,error
1567,Yermak,Turn It Out,DAAF TRAX 2,/Volumes/TOSHIBA/Rekordbox_database_selected/Yermak - DAAF TRAX 2 - 07 Turn It Out.mp3,OK,error,error,error
1569,V/A,B1. Textasy - Wave Racer,SECRET RAVE 02,/Volumes/TOSHIBA/Rekordbox_database_selected/V-A - SECRET RAVE 02 - 03 B1. Textasy - Wave Racer.mp3,OK,error,error,error
1571,V/A,A2. G-23 + Rivet - Loose Dogs Brexperiment,SECRET RAVE 02,/Volumes/TOSHIBA/Rekordbox_database_selected/V-A - SECRET RAVE 02 - 02 A2. G-23 + Rivet - Loose Dogs Brexperiment.mp3,OK,error,error,error
1573,V/A,A1. Anybody Anytime - Where The Head Goes (Ruff Mix),SECRET RAVE 02,/Volumes/TOSHIBA/Rekordbox_database_selected/V-A - SECRET RAVE 02 - 01 A1. Anybody Anytime - Where The Head Goes (Ruff Mix).mp3,OK,error,error,error
1575,V/A,"B2 - Dj Nex - Dreams And Reality (Kreggo ""Altern-ative"" Mix)",SECRET RAVE 03,/Volumes/TOSHIBA/Rekordbox_database_selected/V-A - SECRET RAVE 03 - 04 B2 - Dj Nex - Dreams And Reality (Kreggo -Altern-ative- Mix).mp3,OK,error,error,error
1577,V/A,A1 - Dj Normal 4 - Andalue,SECRET RAVE 03,/Volumes/TOSHIBA/Rekordbox_database_selected/V-A - SECRET RAVE 03 - 01 A1 - Dj Normal 4 - Andalue.mp3,OK,error,error,error
1579,V/A,A2 - Denham Audio - Cinnamon Vanilla,SECRET RAVE 03,/Volumes/TOSHIBA/Rekordbox_database_selected/V-A - SECRET RAVE 03 - 02 A2 - Denham Audio - Cinnamon Vanilla.mp3,OK,error,error,error
1581,V/A,B1 - Warlock - Juice,SECRET RAVE 03,/Volumes/TOSHIBA/Rekordbox_database_selected/V-A - SECRET RAVE 03 - 03 B1 - Warlock - Juice.mp3,OK,error,error,error
1583,V/A,A1 - Voytek - Operate,SECRET RAVE 04,/Volumes/TOSHIBA/Rekordbox_database_selected/V-A - SECRET RAVE 04 - 01 A1 - Voytek - Operate.mp3,OK,error,error,error
1585,V/A,A2 - Local Group - Inside Out,SECRET RAVE 04,/Volumes/TOSHIBA/Rekordbox_database_selected/V-A - SECRET RAVE 04 - 02 A2 - Local Group - Inside Out.mp3,OK,error,error,error
1587,V/A,B1 - Kreggo + Textasy - The Definitive Hardcore Anthem,SECRET RAVE 04,/Volumes/TOSHIBA/Rekordbox_database_selected/V-A - SECRET RAVE 04 - 04 B1 - Kreggo + Textasy - The Definitive Hardcore Anthem.mp3,OK,error,error,error
1589,V/A,A1 - Denham Audio + Borai - In Love,SECRET RAVE 05,/Volumes/TOSHIBA/Rekordbox_database_selected/V-A - SECRET RAVE 05 - 01 A1 - Denham Audio + Borai - In Love.mp3,OK,error,error,error
1591,V/A,A2 - Etch - Hearth Transplant,SECRET RAVE 05,/Volumes/TOSHIBA/Rekordbox_database_selected/V-A - SECRET RAVE 05 - 02 A2 - Etch - Hearth Transplant.mp3,OK,error,error,error
1593,V/A,A3 - Kreggo - 1 2 3 4,SECRET RAVE 05,/Volumes/TOSHIBA/Rekordbox_database_selected/V-A - SECRET RAVE 05 - 03 A3 - Kreggo - 1 2 3 4.mp3,OK,error,error,error
1595,V/A,B1 - Hooverian Blur - Montanita,SECRET RAVE 05,/Volumes/TOSHIBA/Rekordbox_database_selected/V-A - SECRET RAVE 05 - 04 B1 - Hooverian Blur - Montanita.mp3,OK,error,error,error
1597,V/A,B2 - Nothus - Finding Apachu,SECRET RAVE 05,/Volumes/TOSHIBA/Rekordbox_database_selected/V-A - SECRET RAVE 05 - 05 B2 - Nothus - Finding Apachu.mp3,OK,error,error,error
1599,V/A,A2 - Slacker - Two Birds In Unison,SECRET RAVE 06,/Volumes/TOSHIBA/Rekordbox_database_selected/V-A - SECRET RAVE 06 - 02 A2 - Slacker - Two Birds In Unison.mp3,OK,error,error,error
1600,V/A,B2 - Treega - Fire Flare,SECRET RAVE 06,/Volumes/TOSHIBA/Rekordbox_database_selected/V-A - SECRET RAVE 06 - 05 B2 - Treega - Fire Flare.mp3,OK,error,error,error
1601,V/A,C2 - Dawl & Sween - Distopia,SECRET RAVE 05,/Volumes/TOSHIBA/Rekordbox_database_selected/V-A - SECRET RAVE 05 - 07 C2 - Dawl & Sween - Distopia.mp3,OK,error,error,error
1603,V/A,C3 - Jack Roland - Fantasia,SECRET RAVE 05,/Volumes/TOSHIBA/Rekordbox_database_selected/V-A - SECRET RAVE 05 - 08 C3 - Jack Roland - Fantasia.mp3,OK,error,error,error
1605,V/A,D1 - Piezo - Turbo Island (Megarave Mix),SECRET RAVE 05,/Volumes/TOSHIBA/Rekordbox_database_selected/V-A - SECRET RAVE 05 - 09 D1 - Piezo - Turbo Island (Megarave Mix).mp3,OK,error,error,error
1609,V/A,E1 - Mark Archer - a1-2 a1-2,SECRET RAVE 05,/Volumes/TOSHIBA/Rekordbox_database_selected/V-A - SECRET RAVE 05 - 11 E1 - Mark Archer - a1-2 a1-2.mp3,OK,error,error,error
1611,V/A,Dj Iodosan - Roll The B (Digital Bonus),SECRET RAVE 06,/Volumes/TOSHIBA/Rekordbox_database_selected/V-A - SECRET RAVE 06 - 07 Dj Iodosan - Roll The B (Digital Bonus).mp3,OK,error,error,error
1613,V/A,E3 - Volruptus - Hörkutól,SECRET RAVE 05,/Volumes/TOSHIBA/Rekordbox_database_selected/V-A - SECRET RAVE 05 - 13 E3 - Volruptus - Hörkutól.mp3,OK,error,error,error
1616,Various Artists,Hassan Abou Alam - Up,Inverted Echoes,/Volumes/TOSHIBA/Rekordbox_database_selected/Various Artists - Inverted Echoes - 06 Hassan Abou Alam - Up.mp3,OK,error,error,error
1617,V/A,F2 - Textasy - Dirty Dawg,SECRET RAVE 05,/Volumes/TOSHIBA/Rekordbox_database_selected/V-A - SECRET RAVE 05 - 15 F2 - Textasy - Dirty Dawg.mp3,OK,error,error,error
1620,Various Artists,Matteo Coffetti - Hidden Galaxy,Inverted Echoes,/Volumes/TOSHIBA/Rekordbox_database_selected/Various Artists - Inverted Echoes - 04 Matteo Coffetti - Hidden Galaxy.mp3,OK,error,error,error
1622,Various Artists,Pletnev - Tinepravilno Menja Ponyal,Inverted Echoes,/Volumes/TOSHIBA/Rekordbox_database_selected/Various Artists - Inverted Echoes - 03 Pletnev - Tinepravilno Menja Ponyal.mp3,OK,error,error,error
1624,Various Artists,Oblako Maranta - Tigers of Java,Inverted Echoes,/Volumes/TOSHIBA/Rekordbox_database_selected/Various Artists - Inverted Echoes - 02 Oblako Maranta - Tigers of Java.mp3,OK,error,error,error
1626,Various Artists,Nero Zang - Nassau,Inverted Echoes,/Volumes/TOSHIBA/Rekordbox_database_selected/Various Artists - Inverted Echoes - 01 Nero Zang - Nassau.mp3,OK,error,error,error
1628,VA,Interferon - Sterile Caste (Original Mix),Thick As Thieves,/Volumes/TOSHIBA/Rekordbox_database_selected/VA - Thick As Thieves - 07 Interferon - Sterile Caste (Original Mix).mp3,OK,error,error,error
1630,VA,Suerte - No Soul (Original Mix),Thick As Thieves,/Volumes/TOSHIBA/Rekordbox_database_selected/VA - Thick As Thieves - 08 Suerte - No Soul (Original Mix).mp3,OK,error,error,error
1632,VA,Future 16 - Tear and Wear (Original Mix),Thick As Thieves,/Volumes/TOSHIBA/Rekordbox_database_selected/VA - Thick As Thieves - 13 Future 16 - Tear and Wear (Original Mix).mp3,OK,error,error,error
1634,VA,Myler - Buck Nasty (Original Mix),Thick As Thieves,/Volumes/TOSHIBA/Rekordbox_database_selected/VA - Thick As Thieves - 18 Myler - Buck Nasty (Original Mix).mp3,OK,error,error,error
1636,Johan Platt,Knaker,VAR1000 - VA #free #download,/Volumes/TOSHIBA/Rekordbox_database_selected/Johan Platt - VAR1000 - VA #free #download - 05 Knaker.mp3,OK,error,error,error
1638,Mael,Division,VAR1000 - VA #free #download,/Volumes/TOSHIBA/Rekordbox_database_selected/Mael - VAR1000 - VA #free #download - 07 Division.mp3,OK,error,error,error
1640,Various,Substance - Shama's Natire,1.NFO Various Artists EP,/Volumes/TOSHIBA/Rekordbox_database_selected/Various - Substance - Shama's Natire.mp3,OK,error,error,error
1668,Somah feat. Surreal,Binural,Dark Arts,/Volumes/TOSHIBA/Rekordbox_database_selected/somah_feat_surreal-binural-f20919b1.mp3,OK,error,error,error
1677,La Zowi/Paul Marmota,Armani Fucsia,Élite,/Volumes/TOSHIBA/Rekordbox_database_selected/La Zowi - Armani Fucsia.mp3,OK,error,error,error
1678,Various Artists,XCI - Safety Car,Pho Beat Bazar Vol. 1,/Volumes/TOSHIBA/Rekordbox_database_selected/Various Artists - Pho Beat Bazar Vol. 1 - 01 XCI - Safety Car.mp3,OK,error,error,error
1681,Various Artists,Francesco Skip - Boomer's Theme,Pho Beat Bazar Vol. 1,/Volumes/TOSHIBA/Rekordbox_database_selected/Various Artists - Pho Beat Bazar Vol. 1 - 03 Francesco Skip - Boomer's Theme.mp3,OK,error,error,error
1683,Various Artists,Khalil Suleman - Inside the Manycave,Pho Beat Bazar Vol. 1,/Volumes/TOSHIBA/Rekordbox_database_selected/Various Artists - Pho Beat Bazar Vol. 1 - 07 Khalil Suleman - Inside the Manycave.mp3,OK,error,error,error
1685,Various Artists,Matteo Coffetti - Tribaba Lizard,Pho Beat Bazar Vol. 1,/Volumes/TOSHIBA/Rekordbox_database_selected/Various Artists - Pho Beat Bazar Vol. 1 - 09 Matteo Coffetti - Tribaba Lizard.mp3,OK,error,error,error
1687,Various Artists,Enea Pascal - Clotilde,Pho Beat Bazar Vol. 1,/Volumes/TOSHIBA/Rekordbox_database_selected/Various Artists - Pho Beat Bazar Vol. 1 - 10 Enea Pascal - Clotilde.mp3,OK,error,error,error
1689,Various Artists,Radial Gaze - Knot,Pho Beat Bazar Vol. 1,/Volumes/TOSHIBA/Rekordbox_database_selected/Various Artists - Pho Beat Bazar Vol. 1 - 12 Radial Gaze - Knot.mp3,OK,error,error,error
1691,Various artists,PEDRO - ESFREGA,XXIII // VOLUME 4,/Volumes/TOSHIBA/Rekordbox_database_selected/Various artists - XXIII - VOLUME 4 - 01 PEDRO - ESFREGA.mp3,OK,error,error,error
1693,Various artists,LORKESTRA - É TARDE,XXIII // VOLUME 4,/Volumes/TOSHIBA/Rekordbox_database_selected/Various artists - XXIII - VOLUME 4 - 03 LORKESTRA - É TARDE.mp3,OK,error,error,error
1695,Various artists,VHOOR - DEIXA,XXIII // VOLUME 4,/Volumes/TOSHIBA/Rekordbox_database_selected/Various artists - XXIII - VOLUME 4 - 05 VHOOR - DEIXA.mp3,OK,error,error,error
1697,Various artists,TAP - GO,XXIII // VOLUME 4,/Volumes/TOSHIBA/Rekordbox_database_selected/Various artists - XXIII - VOLUME 4 - 06 TAP - GO.mp3,OK,error,error,error
1711,Warehouse Rave,Soul Mass Transit System - Dont Hold Back (alright),Soul Mass Transit System - Don't Hold Back EP,/Volumes/TOSHIBA/Rekordbox_database_selected/Warehouse Rave - Soul Mass Transit System - Don't Hold Back EP - 01 Soul Mass Transit System - Dont Hold Back (alright).mp3,OK,error,error,error
1713,Warehouse Rave,Soul Mass Transit System - Dont Trip Dog,Soul Mass Transit System - Don't Hold Back EP,/Volumes/TOSHIBA/Rekordbox_database_selected/Warehouse Rave - Soul Mass Transit System - Don't Hold Back EP - 02 Soul Mass Transit System - Dont Trip Dog.mp3,OK,error,error,error
1715,Warehouse Rave,Soul Mass Transit System - Gimme Gimme (your love),Soul Mass Transit System - Don't Hold Back EP,/Volumes/TOSHIBA/Rekordbox_database_selected/Warehouse Rave - Soul Mass Transit System - Don't Hold Back EP - 03 Soul Mass Transit System - Gimme Gimme (your love).mp3,OK,error,error,error
1717,Warehouse Rave,Soul Mass Transit System - The Calling,Soul Mass Transit System - Don't Hold Back EP,/Volumes/TOSHIBA/Rekordbox_database_selected/Warehouse Rave - Soul Mass Transit System - Don't Hold Back EP - 04 Soul Mass Transit System - The Calling.mp3,OK,error,error,error
1744,YOUTH,Rainstick - Heavens Gate,Blazer Sound System - YO6TH,/Volumes/TOSHIBA/Rekordbox_database_selected/YOUTH - Blazer Sound System - YO6TH - 01 Rainstick - Heavens Gate.mp3,OK,error,error,error
1766,XXIII,MTG - FAZER AMOR (LARINHA),XXIII // MEGATRON,/Volumes/TOSHIBA/Rekordbox_database_selected/XXIII - XXIII - MEGATRON - 01 MTG - FAZER AMOR (LARINHA).mp3,OK,error,error,error
1768,XXIII,CKRONO - BEAT DO PRODIGY,XXIII // MEGATRON,/Volumes/TOSHIBA/Rekordbox_database_selected/XXIII - XXIII - MEGATRON - 02 CKRONO - BEAT DO PRODIGY.mp3,OK,error,error,error
1770,XXIII,Amor Satyr - Caceta,XXIII // MEGATRON,/Volumes/TOSHIBA/Rekordbox_database_selected/XXIII - XXIII - MEGATRON - 04 Amor Satyr - Caceta.mp3,OK,error,error,error
1772,XXIII,MU540 - Perereca 7echnologic,XXIII // MEGATRON,/Volumes/TOSHIBA/Rekordbox_database_selected/XXIII - XXIII - MEGATRON - 05 MU540 - Perereca 7echnologic.mp3,OK,error,error,error
1774,XXIII,[BONUS TRACK] LARINHX - DESCULPA (MEGA),XXIII // MEGATRON,/Volumes/TOSHIBA/Rekordbox_database_selected/XXIII - XXIII - MEGATRON - 10 -BONUS TRACK- LARINHX - DESCULPA (MEGA).mp3,OK,error,error,error
1776,XXIII,PEDRO - Pontchi,XXIII // VOLUME 3,/Volumes/TOSHIBA/Rekordbox_database_selected/XXIII - XXIII - VOLUME 3 - 06 PEDRO - Pontchi.mp3,OK,error,error,error
1778,XXIII,GHETTO VANESSA - ASOZIALMENTE,XXIII // VOLUME 5,/Volumes/TOSHIBA/Rekordbox_database_selected/XXIII - XXIII - VOLUME 5 - 02 GHETTO VANESSA - ASOZIALMENTE.mp3,OK,error,error,error
1780,XXIII,TEENANGEL - NAJA FT. JLZ,XXIII // VOLUME 5,/Volumes/TOSHIBA/Rekordbox_database_selected/XXIII - XXIII - VOLUME 5 - 05 TEENANGEL - NAJA FT. JLZ.mp3,OK,error,error,error
1782,XXIII,NEGUIM. - GOSTAS,XXIII // VOLUME 6,/Volumes/TOSHIBA/Rekordbox_database_selected/XXIII - XXIII - VOLUME 6 - 05 NEGUIM. - GOSTAS.mp3,OK,error,error,error
1786,XXIII,AÆE - NOITE INTEIRA,XXIII // VOLUME 8,/Volumes/TOSHIBA/Rekordbox_database_selected/XXIII - XXIII - VOLUME 8 - 01 AÆE - NOITE INTEIRA.mp3,OK,error,error,error
1788,XXIII,KAVAL - TROOP TOOL,XXIII // VOLUME 8,/Volumes/TOSHIBA/Rekordbox_database_selected/XXIII - XXIII - VOLUME 8 - 02 KAVAL - TROOP TOOL.mp3,OK,error,error,error
1790,XXIII,PEDRO - WASTED TOOL,XXIII // VOLUME 8,/Volumes/TOSHIBA/Rekordbox_database_selected/XXIII - XXIII - VOLUME 8 - 03 PEDRO - WASTED TOOL.mp3,OK,error,error,error
1792,XXIII,DJ TESS - FORWARD,XXIII // VOLUME 8,/Volumes/TOSHIBA/Rekordbox_database_selected/XXIII - XXIII - VOLUME 8 - 05 DJ TESS - FORWARD.mp3,OK,error,error,error
1794,XXIII,LYM. - CONFRITAMENTO,XXIII // VOLUME 8,/Volumes/TOSHIBA/Rekordbox_database_selected/XXIII - XXIII - VOLUME 8 - 07 LYM. - CONFRITAMENTO.mp3,OK,error,error,error
1796,XXIII,CASH FROM HASH - KALAHARI,XXIII // VOLUME 8,/Volumes/TOSHIBA/Rekordbox_database_selected/XXIII - XXIII - VOLUME 8 - 12 CASH FROM HASH - KALAHARI.mp3,OK,error,error,error
1798,XXIII,9STARP - DRUM IS DESTINY,XXIII // VOLUME 8,/Volumes/TOSHIBA/Rekordbox_database_selected/XXIII - XXIII - VOLUME 8 - 11 9STARP - DRUM IS DESTINY.mp3,OK,error,error,error
1800,XXIII,LUA PRETA - SIMBA,XXIII // VOLUME 8,/Volumes/TOSHIBA/Rekordbox_database_selected/XXIII - XXIII - VOLUME 8 - 15 LUA PRETA - SIMBA.mp3,OK,error,error,error
1802,XXIII,FEARZ - GAP,XXIII // VOLUME 8,/Volumes/TOSHIBA/Rekordbox_database_selected/XXIII - XXIII - VOLUME 8 - 16 FEARZ - GAP.mp3,OK,error,error,error
1804,XXIII,KID CALA - CALIBRANDO [BONUS TRACK],XXIII // VOLUME 8,/Volumes/TOSHIBA/Rekordbox_database_selected/XXIII - XXIII - VOLUME 8 - 18 KID CALA - CALIBRANDO -BONUS TRACK-.mp3,OK,error,error,error
1808,"Yandrel, A-PAR",TROPA,TEMPO,"/Volumes/TOSHIBA/Rekordbox_database_selected/Yandrel, A-PAR - TEMPO - 02 TROPA.mp3",OK,error,error,error
1810,"Yandrel, Adame DJ",NOITE E DIA,TEMPO,"/Volumes/TOSHIBA/Rekordbox_database_selected/Yandrel, Adame DJ - TEMPO - 06 NOITE E DIA.mp3",OK,error,error,error
1812,"Yandrel, ELK_Music",PENTADA,TEMPO,"/Volumes/TOSHIBA/Rekordbox_database_selected/Yandrel, ELK_Music - TEMPO - 08 PENTADA.mp3",OK,error,error,error
1814,"Yandrel, Haiik",TENTEI,TEMPO,"/Volumes/TOSHIBA/Rekordbox_database_selected/Yandrel, Haiik - TEMPO - 09 TENTEI.mp3",OK,error,error,error
1816,"Yandrel, KARAN!",D4,TEMPO,"/Volumes/TOSHIBA/Rekordbox_database_selected/Yandrel, KARAN! - TEMPO - 03 D4.mp3",OK,error,error,error
1818,"Yandrel, PAULISTA GAMES",BEAT DOS ARCONTES,TEMPO,"/Volumes/TOSHIBA/Rekordbox_database_selected/Yandrel, PAULISTA GAMES - TEMPO - 10 BEAT DOS ARCONTES.mp3",OK,error,error,error
1820,"Yandrel, rensgo",ODIO,TEMPO,"/Volumes/TOSHIBA/Rekordbox_database_selected/Yandrel, rensgo - TEMPO - 04 ODIO.mp3",OK,error,error,error
1822,"Yandrel, Renzyx",ONDA,TEMPO,"/Volumes/TOSHIBA/Rekordbox_database_selected/Yandrel, Renzyx - TEMPO - 07 ONDA.mp3",OK,error,error,error
1824,"Yandrel, TToten",VIRADO,TEMPO,"/Volumes/TOSHIBA/Rekordbox_database_selected/Yandrel, TToten - TEMPO - 05 VIRADO.mp3",OK,error,error,error
1826,YOUTH,A1 - Nuclear Winter,Nuclear Winter / Heavy Rain - Y15TH,/Volumes/TOSHIBA/Rekordbox_database_selected/YOUTH - Nuclear Winter - Heavy Rain - Y15TH - 01 A1 - Nuclear Winter.mp3,OK,error,error,error
1828,YOUTH,B1 - Heavy Rain,Nuclear Winter / Heavy Rain - Y15TH,/Volumes/TOSHIBA/Rekordbox_database_selected/YOUTH - Nuclear Winter - Heavy Rain - Y15TH - 02 B1 - Heavy Rain.mp3,OK,error,error,error
1835,Luca Lozano x Dawl,Data Transfer,Cybernetik Synergy EP,/Volumes/TOSHIBA/Rekordbox_database_selected/luca_lozano_x_dawl--data_transfer-b4633641.mp3,OK,error,error,error
